gu_key,dong_key,gwr_score,gwr_n,mgwr_score,mgwr_n
Gangnam-gu,개포동,26.08175407,1.0,,
Gangnam-gu,논현동,33.42788349653846,26.0,36.581009046541936,6.0
Gangnam-gu,대치동,32.61189752111111,18.0,32.656507151998724,5.0
Gangnam-gu,도곡동,30.126631205000002,2.0,,
Gangnam-gu,삼성동,27.941479945319998,25.0,35.03998652936863,8.0
Gangnam-gu,신사동,33.78143941916667,12.0,36.47447140665911,3.0
Gangnam-gu,역삼동,26.057381780289855,69.0,21.731416644095752,10.0
Gangnam-gu,일원동,31.86189055,1.0,37.0165515174813,1.0
Gangnam-gu,청담동,31.631436389999998,10.0,41.491208777314576,3.0
Gangseo-gu,가양동,25.79873468,1.0,,
Gangseo-gu,개화동,27.58311222,1.0,,
Gangseo-gu,공항동,30.725702091,10.0,,
Gangseo-gu,내발산동,30.2780428875,4.0,34.27293773041769,1.0
Gangseo-gu,등촌동,25.887380486363636,11.0,28.73085779716447,3.0
Gangseo-gu,마곡동,25.58110314,8.0,,
Gangseo-gu,방화동,36.876158055000005,10.0,,
Gangseo-gu,염창동,17.495431855,6.0,,
Gangseo-gu,외발산동,30.971443907500003,4.0,,
Gangseo-gu,화곡동,29.565751281458333,48.0,27.550518397447465,12.0
Jongno-gu,계동,21.8401548,2.0,,
Jongno-gu,관수동,24.5171116025,4.0,24.952373183177716,4.0
Jongno-gu,관철동,27.177789831818185,11.0,28.192426535308652,2.0
Jongno-gu,관훈동,16.8226857025,4.0,22.709067521437927,1.0
Jongno-gu,구기동,39.64260737,1.0,,
Jongno-gu,권농동,32.19474877,1.0,,
Jongno-gu,낙원동,23.3673874605,20.0,20.744571279596325,5.0
Jongno-gu,내수동,25.45688496,2.0,,
Jongno-gu,누상동,37.0589768775,4.0,,
Jongno-gu,누하동,32.9531941875,4.0,,
Jongno-gu,돈의동,15.852225981999998,5.0,,
Jongno-gu,동숭동,33.10821997923077,13.0,35.18180099826634,6.0
Jongno-gu,명륜1가,35.26467955333334,3.0,,
Jongno-gu,명륜2가,21.53596102,1.0,,
Jongno-gu,명륜3가,35.538901556666666,3.0,,
Jongno-gu,명륜4가,28.144740279999997,3.0,,
Jongno-gu,봉익동,15.92274082,1.0,33.38854405232454,1.0
Jongno-gu,부암동,36.042378066666664,3.0,,
Jongno-gu,사간동,32.8999814,1.0,,
Jongno-gu,사직동,49.41784938,1.0,,
Jongno-gu,삼청동,56.07902177,1.0,,
Jongno-gu,소격동,51.18970741,1.0,,
Jongno-gu,수송동,19.90447402,3.0,,
Jongno-gu,숭인동,31.655444104285717,35.0,34.22350768149633,10.0
Jongno-gu,신교동,38.10330545,1.0,,
Jongno-gu,신문로2가,34.81453741,1.0,,
Jongno-gu,신영동,17.78686364,1.0,,
Jongno-gu,연건동,32.7392984225,4.0,38.57320650700179,1.0
Jongno-gu,연지동,27.81965246333333,3.0,26.13807249369984,1.0
Jongno-gu,옥인동,33.46681652,2.0,31.407519620452355,1.0
Jongno-gu,와룡동,32.68575111,2.0,,
Jongno-gu,운니동,31.3511978975,4.0,,
Jongno-gu,원남동,20.893207777666667,6.0,,
Jongno-gu,원서동,33.182224082,5.0,,
Jongno-gu,이화동,22.278249563333333,3.0,35.569129411558684,2.0
Jongno-gu,익선동,33.417023578333335,6.0,26.89115911290025,1.0
Jongno-gu,장사동,28.1926833,2.0,,
Jongno-gu,종로2가,22.91093724,1.0,,
Jongno-gu,종로5가,27.39253444,4.0,,
Jongno-gu,종로6가,25.16261073,3.0,,
Jongno-gu,창신동,32.057282633999996,41.0,33.38405456406883,11.0
Jongno-gu,청운동,21.345501525,2.0,23.560129304165372,2.0
Jongno-gu,청진동,21.85697839,1.0,,
Jongno-gu,체부동,31.16243028,4.0,32.58481427534568,1.0
Jongno-gu,충신동,34.5570260875,4.0,42.71898473610466,4.0
Jongno-gu,통인동,39.24446346,3.0,,
Jongno-gu,평창동,36.60424557666667,3.0,,
Jongno-gu,필운동,34.02911507666667,3.0,40.28010884563477,1.0
Jongno-gu,행촌동,32.10675619,5.0,35.30182175191176,2.0
Jongno-gu,혜화동,27.95593005,2.0,27.470468996458948,1.0
Jongno-gu,홍지동,40.208764734,5.0,,
Jongno-gu,화동,34.49219198,1.0,,
Jongno-gu,효자동,34.675553275,2.0,47.59690067117205,1.0
Jongno-gu,효제동,28.758877633333334,9.0,,
Jung-gu,(광희동,32.68384057185185,27.0,,
Jung-gu,(남산동,32.328711565625,32.0,,
Jung-gu,(만리동,37.170502082,5.0,,
Jung-gu,(명동,21.889424725,4.0,,
Jung-gu,(인현동,25.314476481666663,6.0,,
Jung-gu,(장충동,36.985603505,10.0,,
Jung-gu,(저동,16.0172091455,2.0,,
Jung-gu,(필동,31.1384650575,8.0,,
Jung-gu,(회현동,30.7748716946875,32.0,,
Jung-gu,광희동,,,34.32024990732563,7.0
Jung-gu,남대문로4가,21.66600312,2.0,,
Jung-gu,남대문로5가,34.81027770666667,3.0,39.12755159586603,1.0
Jung-gu,남산동,,,36.577892120871965,4.0
Jung-gu,남창동,21.44125262,3.0,30.910840113351124,1.0
Jung-gu,남학동,27.88206405,1.0,,
Jung-gu,다동,32.53907464,1.0,,
Jung-gu,만리동,,,42.7610393996173,1.0
Jung-gu,명동,26.77170707222222,27.0,33.406728204350614,5.0
Jung-gu,무교동,25.15223178,1.0,,
Jung-gu,무학동,25.95652037,2.0,17.737085026663937,1.0
Jung-gu,묵정동,34.485083715,2.0,,
Jung-gu,북창동,23.93818226888889,9.0,,
Jung-gu,산림동,25.46694922,2.0,35.139970162324325,1.0
Jung-gu,서소문동,30.53976772,1.0,14.4479114085873,1.0
Jung-gu,순화동,28.391865785,2.0,,
Jung-gu,신당동,34.2283373808,25.0,31.958746872999928,6.0
Jung-gu,쌍림동,29.78842366666667,3.0,33.542681174030506,1.0
Jung-gu,예장동,36.92066294222222,9.0,36.56613905035563,2.0
Jung-gu,오장동,23.448859914,5.0,26.511439490916718,3.0
Jung-gu,을지로1가,,,43.8893256661317,1.0
Jung-gu,을지로2가,13.5787579,1.0,,
Jung-gu,을지로3가,32.75363854,4.0,28.944416726284096,1.0
Jung-gu,을지로4가,20.88926405333333,3.0,,
Jung-gu,을지로5가,27.399542685714287,7.0,29.631054628862405,3.0
Jung-gu,을지로6가,30.748045141666665,6.0,37.274524385100904,2.0
Jung-gu,을지로7가,28.621746465,2.0,35.56599746865036,2.0
Jung-gu,인현동,,,28.67038428373116,2.0
Jung-gu,장교동,16.07173597,2.0,,
Jung-gu,장충동,,,45.47870889406009,2.0
Jung-gu,저동,,,14.668325787135702,2.0
Jung-gu,주교동,30.76698564142857,7.0,26.58548259044474,3.0
Jung-gu,주자동,34.67678956,1.0,,
Jung-gu,중림동,32.60194477,7.0,30.880929713678963,3.0
Jung-gu,초동,27.92492876,2.0,28.66302968097612,1.0
Jung-gu,충무로1가,24.183364740000002,2.0,,
Jung-gu,충무로2가,25.732550606666667,6.0,37.15250047705151,1.0
Jung-gu,충무로3가,23.47482333,4.0,19.70412585774021,1.0
Jung-gu,충무로4가,28.901833498000002,5.0,27.320184478573545,1.0
Jung-gu,충무로5가,28.5642926775,4.0,26.51724753633212,1.0
Jung-gu,태평로1가,31.2195513,2.0,,
Jung-gu,태평로2가,27.09831392,1.0,26.01521400722202,1.0
Jung-gu,필동,40.54266019,4.0,,
Jung-gu,황학동,30.968342152666665,15.0,31.71329177027161,7.0
Jung-gu,회현동,,,27.3182530195036,1.0
Jung-gu,흥인동,27.55357155,1.0,,
Mapo-gu,공덕동,32.590110757333335,15.0,36.18090754986227,2.0
Mapo-gu,노고산동,30.484551654482757,29.0,26.445776782121694,4.0
Mapo-gu,당인동,31.927024949999996,5.0,,
Mapo-gu,대흥동,44.704010112000006,10.0,59.03807547876988,1.0
Mapo-gu,도화동,33.14635387047619,21.0,37.407488839475455,3.0
Mapo-gu,동교동,30.94101983508772,57.0,33.33941381581261,17.0
Mapo-gu,망원동,37.85197023653061,49.0,38.98640039219901,7.0
Mapo-gu,상수동,40.05217541333333,9.0,45.55683898149147,3.0
Mapo-gu,상암동,28.417657437142857,21.0,19.38268756409055,2.0
Mapo-gu,서교동,33.77397555935484,93.0,34.24465332080919,27.0
Mapo-gu,성산동,33.414798165294116,34.0,37.30655712026349,13.0
Mapo-gu,신공덕동,38.24298657,1.0,,
Mapo-gu,신수동,32.79553328857143,7.0,34.890294938877645,2.0
Mapo-gu,아현동,37.222003055,4.0,,
Mapo-gu,연남동,38.231298464848486,99.0,40.75953226250374,41.0
Mapo-gu,염리동,32.676694631,10.0,25.556910306701468,1.0
Mapo-gu,용강동,24.436011906666664,3.0,,
Mapo-gu,중동,35.413804819999996,2.0,,
Mapo-gu,창전동,34.63259427529412,17.0,,
Mapo-gu,합정동,35.060240523750004,40.0,43.465836225411515,7.0
Seocho-gu,반포동,22.037741472222223,9.0,36.14643579376801,2.0
Seocho-gu,방배동,32.695617203,10.0,31.19195989974463,3.0
Seocho-gu,서초동,24.754569554444444,18.0,26.45886880571222,1.0
Seocho-gu,양재동,27.225355340000004,3.0,39.1293130885809,1.0
Seocho-gu,우면동,,,25.27737922220141,1.0
Seocho-gu,잠원동,24.525322732,5.0,33.6679229829494,1.0
Seongdong-gu,도선동,28.729723659999998,15.0,33.12060970388899,7.0
Seongdong-gu,마장동,35.804653439999996,4.0,,
Seongdong-gu,사근동,43.40244994,1.0,,
Seongdong-gu,성동,35.393633803863636,44.0,35.63379558484387,7.0
Seongdong-gu,송정동,29.735368183333332,6.0,25.077918322475256,1.0
Seongdong-gu,옥수동,34.913033175,2.0,,
Seongdong-gu,용답동,41.03349877,4.0,,
Seongdong-gu,응봉동,47.4611473,1.0,47.993156683146445,1.0
Seongdong-gu,하왕십리동,42.67666951333334,6.0,34.24185072474515,2.0
Seongdong-gu,행당동,30.676228069,10.0,25.31248616549767,3.0
Seongdong-gu,홍익동,38.859559106666666,3.0,,
Songpa-gu,가락동,32.07023142,4.0,,
Songpa-gu,거여동,36.12207753,1.0,,
Songpa-gu,마천동,34.719015139999996,2.0,,
Songpa-gu,문정동,25.22582715375,8.0,,
Songpa-gu,방이동,33.432675661666664,24.0,39.81600110756786,8.0
Songpa-gu,삼전동,35.87249308545454,11.0,35.97400546313003,3.0
Songpa-gu,석촌동,32.72998852789474,19.0,37.12734360998736,5.0
Songpa-gu,송파동,29.65148223625,16.0,31.827495713018568,5.0
Songpa-gu,신천동,22.07869221,3.0,,
Songpa-gu,잠실동,29.27393600473684,19.0,34.73463785941009,8.0
Songpa-gu,풍납동,26.64227889,3.0,30.592498873619395,1.0
Yeongdeungpo-gu,(당산동,31.91580698,21.0,,
Yeongdeungpo-gu,(문래동,23.964197419999998,2.0,,
Yeongdeungpo-gu,(양평동,29.091381495,18.0,,
Yeongdeungpo-gu,(영등포동,30.246969269534883,43.0,,
Yeongdeungpo-gu,당산동,,,37.769955888165335,2.0
Yeongdeungpo-gu,대림동,27.86387499,4.0,39.98825309871519,1.0
Yeongdeungpo-gu,도림동,37.4213219275,4.0,42.39111442299311,1.0
Yeongdeungpo-gu,선유동,37.408609600000005,2.0,,
Yeongdeungpo-gu,신길동,34.66471490962963,27.0,37.1969400620366,10.0
Yeongdeungpo-gu,양평동,,,37.03515168566998,3.0
Yeongdeungpo-gu,여의도동,29.93735385857143,7.0,,
Yeongdeungpo-gu,영등포동,40.772368449999995,3.0,33.68187593410773,10.0
Yongsan-gu,(용산동,40.41916567388889,18.0,,
Yongsan-gu,(청파동,42.126159609411765,17.0,,
Yongsan-gu,갈월동,30.202661626153844,13.0,41.20973387051451,4.0
Yongsan-gu,관철동,24.6571815,1.0,,
Yongsan-gu,남영동,35.3017107875,4.0,16.151347125225687,1.0
Yongsan-gu,동빙고동,22.747904495,2.0,,
Yongsan-gu,동자동,38.62135464466667,15.0,37.97724092341126,7.0
Yongsan-gu,문배동,25.20935344,1.0,,
Yongsan-gu,보광동,40.22695078416667,12.0,37.36896081313104,1.0
Yongsan-gu,서계동,37.71556978512196,41.0,40.30953374767669,12.0
Yongsan-gu,신창동,31.15370284,1.0,,
Yongsan-gu,용문동,34.604721293333334,3.0,,
Yongsan-gu,용산동,,,42.25044037687445,2.0
Yongsan-gu,원효로1가,34.23150802,1.0,33.22860270659787,1.0
Yongsan-gu,원효로2가,27.26759681,4.0,,
Yongsan-gu,원효로3가,28.854269645,2.0,,
Yongsan-gu,이촌동,26.286848046666666,3.0,,
Yongsan-gu,이태원동,33.69442173253521,71.0,36.743904112999495,6.0
Yongsan-gu,청파동,,,39.84314950172168,1.0
Yongsan-gu,한강로1가,43.133589025000006,2.0,,
Yongsan-gu,한강로3가,31.620370266,10.0,,
Yongsan-gu,한남동,38.740989899999995,11.0,42.90365613589169,3.0
Yongsan-gu,효창동,34.44815724,3.0,36.32274355291237,1.0
Yongsan-gu,후암동,34.136588314,20.0,32.52750369730762,5.0
