gu_key,dong_key,gu_label,gwr_factor,mgwr_factor
Dongjak-gu,대방동,동작구,데이터 없음,데이터 없음
Jongno-gu,내수동,종로구,집중도,데이터 없음
Dongjak-gu,흑석동,동작구,데이터 없음,데이터 없음
Dobong-gu,창동,도봉구,데이터 없음,데이터 없음
Dongdaemun-gu,청량리동,동대문구,데이터 없음,데이터 없음
Dongdaemun-gu,전농동,동대문구,데이터 없음,데이터 없음
Dongdaemun-gu,이문동,동대문구,데이터 없음,데이터 없음
Dongdaemun-gu,휘경동,동대문구,데이터 없음,데이터 없음
Dongjak-gu,상도동,동작구,데이터 없음,데이터 없음
Geumcheon-gu,독산동,금천구,데이터 없음,데이터 없음
Geumcheon-gu,시흥동,금천구,데이터 없음,데이터 없음
Guro-gu,개봉동,구로구,데이터 없음,데이터 없음
Guro-gu,구로동,구로구,데이터 없음,데이터 없음
Jongno-gu,중학동,종로구,소방위험,데이터 없음
Jung-gu,신당동,중구,주변건물수,노후도
Gangbuk-gu,미아동,강북구,데이터 없음,데이터 없음
Jongno-gu,궁정동,종로구,데이터 없음,데이터 없음
Eunpyeong-gu,응암동,은평구,데이터 없음,데이터 없음
Jongno-gu,내자동,종로구,데이터 없음,데이터 없음
Jung-gu,수표동,중구,노후도,데이터 없음
Jungnang-gu,신내동,중랑구,데이터 없음,데이터 없음
Gangseo-gu,방화동,강서구,단속위험,데이터 없음
Jongno-gu,예지동,종로구,집중도,데이터 없음
Jongno-gu,명륜2가,종로구,집중도,데이터 없음
Jongno-gu,신교동,종로구,집중도,데이터 없음
Jongno-gu,경운동,종로구,데이터 없음,데이터 없음
Gwanak-gu,신림동,관악구,데이터 없음,데이터 없음
Gwanak-gu,봉천동,관악구,데이터 없음,데이터 없음
Jongno-gu,소격동,종로구,소방위험,데이터 없음
Jongno-gu,공평동,종로구,데이터 없음,데이터 없음
Jongno-gu,청진동,종로구,데이터 없음,데이터 없음
Dongjak-gu,본동,동작구,데이터 없음,데이터 없음
Dongdaemun-gu,장안동,동대문구,데이터 없음,데이터 없음
Jongno-gu,도렴동,종로구,데이터 없음,데이터 없음
Dongjak-gu,동작동,동작구,데이터 없음,데이터 없음
Dongjak-gu,사당동,동작구,도로폭위험,데이터 없음
Dobong-gu,쌍문동,도봉구,데이터 없음,데이터 없음
Dobong-gu,방학동,도봉구,데이터 없음,데이터 없음
Jongno-gu,통인동,종로구,집중도,데이터 없음
Dobong-gu,도봉동,도봉구,데이터 없음,데이터 없음
Dongdaemun-gu,제기동,동대문구,데이터 없음,데이터 없음
Jongno-gu,누상동,종로구,집중도,데이터 없음
Dongdaemun-gu,답십리동,동대문구,데이터 없음,데이터 없음
Dongdaemun-gu,용두동,동대문구,데이터 없음,데이터 없음
Jongno-gu,창성동,종로구,데이터 없음,데이터 없음
Dongdaemun-gu,회기동,동대문구,데이터 없음,데이터 없음
Guro-gu,항동,구로구,데이터 없음,데이터 없음
Jongno-gu,세종로,종로구,데이터 없음,데이터 없음
Jongno-gu,신문로2가,종로구,소방위험,데이터 없음
Jongno-gu,삼청동,종로구,데이터 없음,데이터 없음
Dongjak-gu,노량진동,동작구,데이터 없음,데이터 없음
Jongno-gu,팔판동,종로구,데이터 없음,데이터 없음
Eunpyeong-gu,구산동,은평구,데이터 없음,데이터 없음
Jongno-gu,와룡동,종로구,주변건물수,데이터 없음
Jongno-gu,계동,종로구,소방위험,데이터 없음
Jongno-gu,적선동,종로구,데이터 없음,데이터 없음
Jongno-gu,효자동,종로구,데이터 없음,노후도
Jongno-gu,종로1가,종로구,데이터 없음,데이터 없음
Jongno-gu,안국동,종로구,데이터 없음,데이터 없음
Dongdaemun-gu,신설동,동대문구,데이터 없음,데이터 없음
Eunpyeong-gu,증산동,은평구,데이터 없음,데이터 없음
Gangnam-gu,논현동,강남구,노후도,도로폭위험
Dongjak-gu,상도1동,동작구,데이터 없음,데이터 없음
Dongjak-gu,신대방동,동작구,노후도,데이터 없음
Eunpyeong-gu,진관동,은평구,데이터 없음,데이터 없음
Geumcheon-gu,가산동,금천구,데이터 없음,데이터 없음
Guro-gu,가리봉동,구로구,데이터 없음,데이터 없음
Guro-gu,고척동,구로구,데이터 없음,데이터 없음
Guro-gu,신도림동,구로구,데이터 없음,데이터 없음
Guro-gu,오류동,구로구,데이터 없음,데이터 없음
Jungnang-gu,묵동,중랑구,데이터 없음,데이터 없음
Jongno-gu,옥인동,종로구,데이터 없음,노후도
Jongno-gu,사직동,종로구,집중도,데이터 없음
Jung-gu,필동1가,중구,도로폭위험,데이터 없음
Eunpyeong-gu,수색동,은평구,데이터 없음,데이터 없음
Jongno-gu,청운동,종로구,집중도,노후도
Eunpyeong-gu,녹번동,은평구,데이터 없음,데이터 없음
Eunpyeong-gu,불광동,은평구,데이터 없음,데이터 없음
Eunpyeong-gu,갈현동,은평구,데이터 없음,데이터 없음
Jongno-gu,당주동,종로구,데이터 없음,데이터 없음
Eunpyeong-gu,역촌동,은평구,데이터 없음,데이터 없음
Eunpyeong-gu,신사동,은평구,데이터 없음,데이터 없음
Jongno-gu,명륜3가,종로구,주변건물수,데이터 없음
Jungnang-gu,상봉동,중랑구,데이터 없음,데이터 없음
Gangbuk-gu,번동,강북구,데이터 없음,데이터 없음
Gangnam-gu,자곡동,강남구,데이터 없음,데이터 없음
Jongno-gu,관훈동,종로구,데이터 없음,도로폭위험
Jongno-gu,서린동,종로구,소방위험,데이터 없음
Jongno-gu,창신동,종로구,주변건물수,노후도
Jongno-gu,숭인동,종로구,소방위험,노후도
Jung-gu,방산동,중구,도로폭위험,데이터 없음
Jung-gu,남학동,중구,데이터 없음,데이터 없음
Jung-gu,충무로3가,중구,집중도,집중도
Jung-gu,장교동,중구,데이터 없음,데이터 없음
Jongno-gu,돈의동,종로구,소방위험,데이터 없음
Jungnang-gu,면목동,중랑구,데이터 없음,데이터 없음
Gangseo-gu,과해동,강서구,데이터 없음,데이터 없음
Gangseo-gu,공항동,강서구,단속위험,데이터 없음
Jongno-gu,효제동,종로구,도로폭위험,데이터 없음
Jongno-gu,익선동,종로구,소방위험,노후도
Jongno-gu,재동,종로구,소방위험,데이터 없음
Jung-gu,주자동,중구,노후도,데이터 없음
Gangseo-gu,마곡동,강서구,단속위험,데이터 없음
Mapo-gu,토정동,마포구,소방위험,데이터 없음
Gangseo-gu,오곡동,강서구,데이터 없음,데이터 없음
Nowon-gu,공릉동,노원구,데이터 없음,데이터 없음
Seongbuk-gu,돈암동,성북구,데이터 없음,데이터 없음
Jongno-gu,관수동,종로구,소방위험,노후도
Jongno-gu,묘동,종로구,데이터 없음,데이터 없음
Jongno-gu,장사동,종로구,데이터 없음,데이터 없음
Jung-gu,충무로5가,중구,집중도,도로폭위험
Jung-gu,주교동,중구,집중도,도로폭위험
Jongno-gu,운니동,종로구,데이터 없음,데이터 없음
Eunpyeong-gu,대조동,은평구,데이터 없음,데이터 없음
Guro-gu,온수동,구로구,데이터 없음,데이터 없음
Jongno-gu,필운동,종로구,집중도,노후도
Jongno-gu,통의동,종로구,데이터 없음,데이터 없음
Jongno-gu,체부동,종로구,데이터 없음,도로폭위험
Jung-gu,봉래동2가,중구,소방위험,데이터 없음
Jongno-gu,견지동,종로구,소방위험,데이터 없음
Jongno-gu,낙원동,종로구,소방위험,도로폭위험
Jongno-gu,종로2가,종로구,소방위험,데이터 없음
Jung-gu,필동3가,중구,소방위험,데이터 없음
Jung-gu,회현동1가,중구,소방위험,데이터 없음
Jongno-gu,종로4가,종로구,데이터 없음,데이터 없음
Jongno-gu,송현동,종로구,데이터 없음,데이터 없음
Jungnang-gu,중화동,중랑구,데이터 없음,데이터 없음
Jungnang-gu,망우동,중랑구,데이터 없음,데이터 없음
Guro-gu,궁동,구로구,데이터 없음,데이터 없음
Guro-gu,천왕동,구로구,데이터 없음,데이터 없음
Jongno-gu,봉익동,종로구,데이터 없음,노후도
Gangseo-gu,화곡동,강서구,주변건물수,도로폭위험
Jongno-gu,종로5가,종로구,도로폭위험,데이터 없음
Jongno-gu,사간동,종로구,소방위험,데이터 없음
Jung-gu,산림동,중구,데이터 없음,도로폭위험
Jongno-gu,교남동,종로구,데이터 없음,데이터 없음
Jung-gu,서소문동,중구,데이터 없음,집중도
Jung-gu,북창동,중구,데이터 없음,데이터 없음
Jongno-gu,충신동,종로구,소방위험,노후도
Jongno-gu,송월동,종로구,데이터 없음,데이터 없음
Jongno-gu,종로6가,종로구,도로폭위험,데이터 없음
Jongno-gu,이화동,종로구,소방위험,노후도
Jongno-gu,연건동,종로구,주변건물수,노후도
Jongno-gu,혜화동,종로구,집중도,도로폭위험
Jongno-gu,연지동,종로구,주변건물수,도로폭위험
Jung-gu,남산동1가,중구,소방위험,데이터 없음
Jung-gu,수하동,중구,데이터 없음,데이터 없음
Jung-gu,중림동,중구,소방위험,도로폭위험
Gangnam-gu,역삼동,강남구,주변건물수,도로폭위험
Mapo-gu,도화동,마포구,주변건물수,도로폭위험
Gwangjin-gu,능동,광진구,데이터 없음,데이터 없음
Gangseo-gu,염창동,강서구,데이터 없음,데이터 없음
Jung-gu,저동2가,중구,집중도,데이터 없음
Jung-gu,흥인동,중구,소방위험,데이터 없음
Jung-gu,을지로5가,중구,도로폭위험,노후도
Jongno-gu,평동,종로구,데이터 없음,데이터 없음
Jung-gu,소공동,중구,집중도,데이터 없음
Jongno-gu,명륜1가,종로구,집중도,데이터 없음
Jongno-gu,종로3가,종로구,소방위험,데이터 없음
Jongno-gu,인의동,종로구,주변건물수,데이터 없음
Jongno-gu,화동,종로구,소방위험,데이터 없음
Jongno-gu,권농동,종로구,데이터 없음,데이터 없음
Jung-gu,남대문로1가,중구,데이터 없음,데이터 없음
Jung-gu,을지로7가,중구,소방위험,노후도
Jung-gu,순화동,중구,데이터 없음,데이터 없음
Jung-gu,무교동,중구,데이터 없음,데이터 없음
Jung-gu,황학동,중구,소방위험,노후도
Jung-gu,충무로2가,중구,노후도,소방위험
Jung-gu,명동1가,중구,데이터 없음,데이터 없음
Jung-gu,삼각동,중구,소방위험,데이터 없음
Jung-gu,남창동,중구,주변건물수,노후도
Jongno-gu,평창동,종로구,집중도,데이터 없음
Gangbuk-gu,우이동,강북구,데이터 없음,데이터 없음
Gangdong-gu,고덕동,강동구,데이터 없음,데이터 없음
Jongno-gu,원남동,종로구,데이터 없음,데이터 없음
Jongno-gu,가회동,종로구,데이터 없음,데이터 없음
Jung-gu,묵정동,중구,집중도,데이터 없음
Jongno-gu,원서동,종로구,소방위험,데이터 없음
Jung-gu,무학동,중구,단속위험,도로폭위험
Jongno-gu,인사동,종로구,소방위험,데이터 없음
Jongno-gu,누하동,종로구,집중도,데이터 없음
Jongno-gu,수송동,종로구,데이터 없음,데이터 없음
Jongno-gu,훈정동,종로구,소방위험,데이터 없음
Jongno-gu,동숭동,종로구,소방위험,노후도
Jongno-gu,신문로1가,종로구,데이터 없음,데이터 없음
Jongno-gu,관철동,종로구,소방위험,노후도
Jung-gu,입정동,중구,데이터 없음,데이터 없음
Jung-gu,봉래동1가,중구,데이터 없음,데이터 없음
Jung-gu,충무로1가,중구,주변건물수,데이터 없음
Jung-gu,남대문로5가,중구,단속위험,단속위험
Jung-gu,오장동,중구,집중도,노후도
Jung-gu,예관동,중구,단속위험,데이터 없음
Jung-gu,남산동2가,중구,소방위험,데이터 없음
Jung-gu,남산동3가,중구,소방위험,데이터 없음
Jung-gu,저동1가,중구,집중도,데이터 없음
Jung-gu,광희동1가,중구,소방위험,데이터 없음
Jung-gu,광희동2가,중구,데이터 없음,데이터 없음
Jung-gu,장충동1가,중구,소방위험,데이터 없음
Gangdong-gu,암사동,강동구,데이터 없음,데이터 없음
Jongno-gu,교북동,종로구,집중도,데이터 없음
Gwangjin-gu,군자동,광진구,노후도,데이터 없음
Jung-gu,을지로3가,중구,집중도,노후도
Jung-gu,태평로2가,중구,주변건물수,도로폭위험
Jung-gu,회현동3가,중구,소방위험,데이터 없음
Jung-gu,남대문로4가,중구,주변건물수,데이터 없음
Mapo-gu,하중동,마포구,데이터 없음,데이터 없음
Gangdong-gu,강일동,강동구,데이터 없음,데이터 없음
Gangseo-gu,개화동,강서구,단속위험,데이터 없음
Gangseo-gu,가양동,강서구,주변건물수,데이터 없음
Jung-gu,장충동2가,중구,소방위험,데이터 없음
Seodaemun-gu,북가좌동,서대문구,데이터 없음,데이터 없음
Seocho-gu,우면동,서초구,데이터 없음,노후도
Gangnam-gu,청담동,강남구,단속위험,노후도
Jung-gu,남대문로2가,중구,데이터 없음,데이터 없음
Jung-gu,을지로4가,중구,집중도,데이터 없음
Jung-gu,의주로1가,중구,데이터 없음,데이터 없음
Jung-gu,을지로6가,중구,도로폭위험,노후도
Jung-gu,다동,중구,데이터 없음,데이터 없음
Gangnam-gu,삼성동,강남구,주변건물수,노후도
Gangnam-gu,도곡동,강남구,주변건물수,데이터 없음
Seodaemun-gu,창천동,서대문구,데이터 없음,데이터 없음
Jung-gu,의주로2가,중구,데이터 없음,데이터 없음
Gangnam-gu,율현동,강남구,데이터 없음,데이터 없음
Seongbuk-gu,종암동,성북구,데이터 없음,데이터 없음
Seodaemun-gu,연희동,서대문구,데이터 없음,데이터 없음
Gangdong-gu,천호동,강동구,데이터 없음,데이터 없음
Jongno-gu,구기동,종로구,데이터 없음,데이터 없음
Jung-gu,필동2가,중구,도로폭위험,데이터 없음
Jung-gu,정동,중구,집중도,데이터 없음
Jung-gu,충무로4가,중구,단속위험,도로폭위험
Gangdong-gu,둔촌동,강동구,데이터 없음,데이터 없음
Gwangjin-gu,중곡동,광진구,데이터 없음,데이터 없음
Jung-gu,예장동,중구,노후도,노후도
Gangseo-gu,내발산동,강서구,주변건물수,노후도
Gangdong-gu,상일동,강동구,데이터 없음,데이터 없음
Jongno-gu,신영동,종로구,집중도,데이터 없음
Gangnam-gu,개포동,강남구,데이터 없음,데이터 없음
Jung-gu,남대문로3가,중구,데이터 없음,데이터 없음
Jongno-gu,행촌동,종로구,집중도,도로폭위험
Seodaemun-gu,봉원동,서대문구,데이터 없음,데이터 없음
Gangseo-gu,등촌동,강서구,주변건물수,노후도
Jung-gu,충정로1가,중구,데이터 없음,데이터 없음
Gangnam-gu,일원동,강남구,집중도,노후도
Gangnam-gu,세곡동,강남구,데이터 없음,데이터 없음
Gangnam-gu,신사동,강남구,소방위험,도로폭위험
Gangseo-gu,외발산동,강서구,단속위험,데이터 없음
Gangbuk-gu,수유동,강북구,데이터 없음,데이터 없음
Gangnam-gu,수서동,강남구,데이터 없음,데이터 없음
Gangseo-gu,오쇠동,강서구,데이터 없음,데이터 없음
Jung-gu,을지로1가,중구,데이터 없음,단속위험
Mapo-gu,아현동,마포구,도로폭위험,데이터 없음
Seocho-gu,신원동,서초구,데이터 없음,데이터 없음
Mapo-gu,염리동,마포구,주변건물수,집중도
Seocho-gu,양재동,서초구,단속위험,노후도
Nowon-gu,상계동,노원구,데이터 없음,데이터 없음
Seodaemun-gu,충정로3가,서대문구,데이터 없음,데이터 없음
Gangdong-gu,명일동,강동구,데이터 없음,데이터 없음
Mapo-gu,성산동,마포구,노후도,노후도
Jongno-gu,부암동,종로구,집중도,데이터 없음
Seocho-gu,방배동,서초구,도로폭위험,노후도
Seodaemun-gu,홍제동,서대문구,집중도,데이터 없음
Gangnam-gu,압구정동,강남구,데이터 없음,데이터 없음
Nowon-gu,월계동,노원구,데이터 없음,데이터 없음
Mapo-gu,공덕동,마포구,도로폭위험,노후도
Seodaemun-gu,홍은동,서대문구,데이터 없음,데이터 없음
Mapo-gu,상암동,마포구,노후도,도로폭위험
Seodaemun-gu,냉천동,서대문구,데이터 없음,데이터 없음
Seodaemun-gu,신촌동,서대문구,데이터 없음,데이터 없음
Seodaemun-gu,남가좌동,서대문구,데이터 없음,데이터 없음
Mapo-gu,서교동,마포구,주변건물수,노후도
Seocho-gu,원지동,서초구,데이터 없음,데이터 없음
Jung-gu,만리동1가,중구,노후도,데이터 없음
Jung-gu,쌍림동,중구,소방위험,노후도
Jung-gu,을지로2가,중구,주변건물수,데이터 없음
Jung-gu,인현동1가,중구,소방위험,데이터 없음
Jongno-gu,홍지동,종로구,집중도,데이터 없음
Mapo-gu,대흥동,마포구,주변건물수,노후도
Jung-gu,회현동2가,중구,집중도,데이터 없음
Seodaemun-gu,충정로2가,서대문구,데이터 없음,데이터 없음
Mapo-gu,상수동,마포구,노후도,노후도
Jongno-gu,명륜4가,종로구,데이터 없음,데이터 없음
Jung-gu,태평로1가,중구,데이터 없음,데이터 없음
Jung-gu,초동,중구,소방위험,도로폭위험
Jung-gu,명동2가,중구,주변건물수,데이터 없음
Gwanak-gu,남현동,관악구,데이터 없음,데이터 없음
Jongno-gu,홍파동,종로구,집중도,데이터 없음
Seodaemun-gu,대현동,서대문구,데이터 없음,데이터 없음
Mapo-gu,당인동,마포구,주변건물수,데이터 없음
Jung-gu,만리동2가,중구,도로폭위험,데이터 없음
Seocho-gu,반포동,서초구,소방위험,노후도
Mapo-gu,연남동,마포구,노후도,노후도
Seocho-gu,서초동,서초구,단속위험,노후도
Nowon-gu,중계동,노원구,데이터 없음,데이터 없음
Mapo-gu,창전동,마포구,노후도,데이터 없음
Jongno-gu,무악동,종로구,데이터 없음,데이터 없음
Seodaemun-gu,대신동,서대문구,데이터 없음,데이터 없음
Gangnam-gu,대치동,강남구,주변건물수,도로폭위험
Mapo-gu,신공덕동,마포구,주변건물수,데이터 없음
Seongbuk-gu,안암동4가,성북구,데이터 없음,데이터 없음
Mapo-gu,중동,마포구,데이터 없음,데이터 없음
Nowon-gu,하계동,노원구,데이터 없음,데이터 없음
Mapo-gu,현석동,마포구,노후도,데이터 없음
Seodaemun-gu,천연동,서대문구,데이터 없음,데이터 없음
Gwangjin-gu,구의동,광진구,데이터 없음,데이터 없음
Seongdong-gu,하왕십리동,성동구,단속위험,노후도
Seongbuk-gu,정릉동,성북구,데이터 없음,데이터 없음
Songpa-gu,장지동,송파구,집중도,데이터 없음
Yeongdeungpo-gu,신길동,영등포구,소방위험,노후도
Yeongdeungpo-gu,양평동,영등포구,데이터 없음,노후도
Yeongdeungpo-gu,당산동,영등포구,데이터 없음,도로폭위험
Seongbuk-gu,보문동4가,성북구,데이터 없음,데이터 없음
Seongbuk-gu,동선동3가,성북구,데이터 없음,데이터 없음
Yongsan-gu,용산동6가,용산구,데이터 없음,데이터 없음
Seodaemun-gu,현저동,서대문구,데이터 없음,데이터 없음
Seongbuk-gu,보문동2가,성북구,데이터 없음,데이터 없음
Seodaemun-gu,옥천동,서대문구,데이터 없음,데이터 없음
Seongbuk-gu,보문동3가,성북구,데이터 없음,데이터 없음
Seongbuk-gu,성북동1가,성북구,데이터 없음,데이터 없음
Seongbuk-gu,안암동3가,성북구,데이터 없음,데이터 없음
Seongbuk-gu,동선동2가,성북구,데이터 없음,데이터 없음
Mapo-gu,구수동,마포구,노후도,데이터 없음
Songpa-gu,송파동,송파구,노후도,도로폭위험
Seocho-gu,염곡동,서초구,데이터 없음,데이터 없음
Jung-gu,인현동2가,중구,단속위험,데이터 없음
Gangdong-gu,길동,강동구,데이터 없음,데이터 없음
Gangdong-gu,성내동,강동구,데이터 없음,데이터 없음
Seongbuk-gu,동소문동1가,성북구,데이터 없음,데이터 없음
Seongdong-gu,행당동,성동구,단속위험,도로폭위험
Songpa-gu,문정동,송파구,소방위험,데이터 없음
Mapo-gu,망원동,마포구,노후도,노후도
Seongdong-gu,옥수동,성동구,주변건물수,데이터 없음
Seongdong-gu,마장동,성동구,단속위험,데이터 없음
Seongbuk-gu,동소문동3가,성북구,데이터 없음,데이터 없음
Seongbuk-gu,보문동1가,성북구,데이터 없음,데이터 없음
Yeongdeungpo-gu,도림동,영등포구,소방위험,노후도
Yongsan-gu,청파동2가,용산구,집중도,데이터 없음
Yongsan-gu,원효로4가,용산구,주변건물수,데이터 없음
Yeongdeungpo-gu,영등포동,영등포구,소방위험,노후도
Yongsan-gu,효창동,용산구,도로폭위험,노후도
Yongsan-gu,후암동,용산구,소방위험,도로폭위험
Mapo-gu,합정동,마포구,노후도,노후도
Yongsan-gu,이태원동,용산구,노후도,도로폭위험
Yongsan-gu,한강로3가,용산구,집중도,데이터 없음
Seongdong-gu,금호동1가,성동구,단속위험,데이터 없음
Seongbuk-gu,보문동5가,성북구,데이터 없음,데이터 없음
Seongdong-gu,성수동2가,성동구,소방위험,데이터 없음
Songpa-gu,오금동,송파구,데이터 없음,데이터 없음
Songpa-gu,거여동,송파구,주변건물수,데이터 없음
Seongbuk-gu,석관동,성북구,데이터 없음,데이터 없음
Mapo-gu,신정동,마포구,데이터 없음,데이터 없음
Yangcheon-gu,신월동,양천구,집중도,데이터 없음
Yongsan-gu,이촌동,용산구,집중도,데이터 없음
Yongsan-gu,보광동,용산구,노후도,도로폭위험
Yongsan-gu,한남동,용산구,노후도,노후도
Mapo-gu,노고산동,마포구,노후도,노후도
Yeongdeungpo-gu,양평동3가,영등포구,데이터 없음,데이터 없음
Yongsan-gu,청파동1가,용산구,단속위험,데이터 없음
Yongsan-gu,한강로2가,용산구,소방위험,데이터 없음
Yongsan-gu,용산동2가,용산구,노후도,데이터 없음
Yongsan-gu,청파동3가,용산구,도로폭위험,데이터 없음
Seongdong-gu,용답동,성동구,단속위험,데이터 없음
Seongdong-gu,사근동,성동구,단속위험,데이터 없음
Seongbuk-gu,길음동,성북구,데이터 없음,데이터 없음
Seongdong-gu,금호동2가,성동구,데이터 없음,데이터 없음
Songpa-gu,방이동,송파구,노후도,소방위험
Gwangjin-gu,광장동,광진구,데이터 없음,데이터 없음
Songpa-gu,가락동,송파구,단속위험,데이터 없음
Yeongdeungpo-gu,양평동6가,영등포구,데이터 없음,데이터 없음
Mapo-gu,동교동,마포구,소방위험,노후도
Seongbuk-gu,삼선동4가,성북구,데이터 없음,데이터 없음
Yongsan-gu,원효로3가,용산구,집중도,데이터 없음
Yongsan-gu,동빙고동,용산구,노후도,데이터 없음
Seongbuk-gu,보문동7가,성북구,데이터 없음,데이터 없음
Seongbuk-gu,동선동4가,성북구,데이터 없음,데이터 없음
Seongbuk-gu,동선동5가,성북구,데이터 없음,데이터 없음
Seongbuk-gu,보문동6가,성북구,데이터 없음,데이터 없음
Songpa-gu,풍납동,송파구,노후도,노후도
Songpa-gu,잠실동,송파구,노후도,도로폭위험
Seongbuk-gu,동소문동6가,성북구,데이터 없음,데이터 없음
Seongbuk-gu,동소문동7가,성북구,데이터 없음,데이터 없음
Seongdong-gu,금호동3가,성동구,데이터 없음,데이터 없음
Seongbuk-gu,장위동,성북구,데이터 없음,데이터 없음
Yeongdeungpo-gu,양화동,영등포구,데이터 없음,데이터 없음
Yongsan-gu,남영동,용산구,소방위험,도로폭위험
Yangcheon-gu,신정동,양천구,집중도,데이터 없음
Yangcheon-gu,목동,양천구,주변건물수,데이터 없음
Songpa-gu,삼전동,송파구,집중도,노후도
Yeongdeungpo-gu,문래동5가,영등포구,데이터 없음,데이터 없음
Seongbuk-gu,동소문동2가,성북구,데이터 없음,데이터 없음
Mapo-gu,마포동,마포구,데이터 없음,데이터 없음
Seodaemun-gu,합동,서대문구,데이터 없음,데이터 없음
Seodaemun-gu,미근동,서대문구,데이터 없음,데이터 없음
Seocho-gu,잠원동,서초구,소방위험,도로폭위험
Yongsan-gu,한강로1가,용산구,소방위험,데이터 없음
Yeongdeungpo-gu,당산동4가,영등포구,데이터 없음,데이터 없음
Gwangjin-gu,화양동,광진구,노후도,데이터 없음
Seongdong-gu,홍익동,성동구,데이터 없음,데이터 없음
Mapo-gu,신수동,마포구,노후도,노후도
Seodaemun-gu,영천동,서대문구,집중도,데이터 없음
Seongbuk-gu,동소문동5가,성북구,데이터 없음,데이터 없음
Mapo-gu,용강동,마포구,주변건물수,데이터 없음
Yeongdeungpo-gu,당산동2가,영등포구,데이터 없음,데이터 없음
Seongbuk-gu,삼선동5가,성북구,데이터 없음,데이터 없음
Seongbuk-gu,삼선동3가,성북구,데이터 없음,데이터 없음
Seongbuk-gu,동소문동4가,성북구,데이터 없음,데이터 없음
Seongdong-gu,도선동,성동구,단속위험,노후도
Yongsan-gu,동자동,용산구,소방위험,노후도
Yongsan-gu,용문동,용산구,집중도,데이터 없음
Seongbuk-gu,삼선동1가,성북구,데이터 없음,데이터 없음
Yeongdeungpo-gu,당산동5가,영등포구,주변건물수,데이터 없음
Yeongdeungpo-gu,당산동3가,영등포구,주변건물수,데이터 없음
Yongsan-gu,신창동,용산구,주변건물수,데이터 없음
Yeongdeungpo-gu,당산동6가,영등포구,데이터 없음,데이터 없음
Yeongdeungpo-gu,영등포동1가,영등포구,데이터 없음,데이터 없음
Songpa-gu,석촌동,송파구,단속위험,노후도
Seongbuk-gu,안암동1가,성북구,데이터 없음,데이터 없음
Seongbuk-gu,안암동2가,성북구,데이터 없음,데이터 없음
Yeongdeungpo-gu,문래동4가,영등포구,주변건물수,데이터 없음
Yeongdeungpo-gu,양평동2가,영등포구,주변건물수,데이터 없음
Yeongdeungpo-gu,문래동2가,영등포구,주변건물수,데이터 없음
Yeongdeungpo-gu,영등포동3가,영등포구,소방위험,데이터 없음
Seongdong-gu,상왕십리동,성동구,데이터 없음,데이터 없음
Seongbuk-gu,상월곡동,성북구,데이터 없음,데이터 없음
Seongbuk-gu,안암동5가,성북구,데이터 없음,데이터 없음
Seongdong-gu,금호동4가,성동구,단속위험,데이터 없음
Yongsan-gu,갈월동,용산구,주변건물수,노후도
Yeongdeungpo-gu,영등포동6가,영등포구,주변건물수,데이터 없음
Seocho-gu,내곡동,서초구,데이터 없음,데이터 없음
Seodaemun-gu,북아현동,서대문구,데이터 없음,데이터 없음
Seongbuk-gu,하월곡동,성북구,데이터 없음,데이터 없음
Seongdong-gu,성수동1가,성동구,노후도,데이터 없음
Yeongdeungpo-gu,영등포동7가,영등포구,데이터 없음,데이터 없음
Gwangjin-gu,자양동,광진구,소방위험,데이터 없음
Seongbuk-gu,성북동,성북구,데이터 없음,데이터 없음
Yongsan-gu,용산동1가,용산구,소방위험,데이터 없음
Yongsan-gu,도원동,용산구,데이터 없음,데이터 없음
Yongsan-gu,산천동,용산구,주변건물수,데이터 없음
Yongsan-gu,원효로2가,용산구,집중도,데이터 없음
Yeongdeungpo-gu,문래동6가,영등포구,주변건물수,데이터 없음
Yongsan-gu,청암동,용산구,주변건물수,데이터 없음
Yeongdeungpo-gu,영등포동2가,영등포구,데이터 없음,데이터 없음
Yeongdeungpo-gu,문래동3가,영등포구,주변건물수,데이터 없음
Yongsan-gu,서계동,용산구,단속위험,노후도
Yeongdeungpo-gu,영등포동8가,영등포구,데이터 없음,데이터 없음
Seongbuk-gu,삼선동2가,성북구,데이터 없음,데이터 없음
Songpa-gu,신천동,송파구,노후도,데이터 없음
Yeongdeungpo-gu,영등포동4가,영등포구,주변건물수,데이터 없음
Yongsan-gu,용산동5가,용산구,데이터 없음,데이터 없음
Yeongdeungpo-gu,양평동5가,영등포구,주변건물수,데이터 없음
Yeongdeungpo-gu,당산동1가,영등포구,주변건물수,데이터 없음
Yeongdeungpo-gu,대림동,영등포구,노후도,노후도
Seongbuk-gu,동선동1가,성북구,데이터 없음,데이터 없음
Yeongdeungpo-gu,양평동1가,영등포구,데이터 없음,데이터 없음
Yongsan-gu,용산동3가,용산구,집중도,데이터 없음
Yeongdeungpo-gu,문래동1가,영등포구,주변건물수,데이터 없음
Yeongdeungpo-gu,여의도동,영등포구,단속위험,데이터 없음
Yeongdeungpo-gu,양평동4가,영등포구,주변건물수,데이터 없음
Yeongdeungpo-gu,영등포동5가,영등포구,데이터 없음,데이터 없음
Seongdong-gu,응봉동,성동구,단속위험,노후도
Songpa-gu,마천동,송파구,주변건물수,데이터 없음
Seongdong-gu,송정동,성동구,데이터 없음,도로폭위험
Yongsan-gu,신계동,용산구,집중도,데이터 없음
Yongsan-gu,서빙고동,용산구,노후도,데이터 없음
Yongsan-gu,주성동,용산구,노후도,데이터 없음
Yongsan-gu,문배동,용산구,데이터 없음,데이터 없음
Yongsan-gu,용산동4가,용산구,노후도,데이터 없음
Yongsan-gu,원효로1가,용산구,도로폭위험,노후도
