OPNSFTEAMCODE,MGTNO,APVPERMYMD,APVCANCELYMD,TRDSTATEGBN,TRDSTATENM,DTLSTATEGBN,DTLSTATENM,DCBYMD,CLGSTDT,CLGENDDT,ROPNYMD,SITETEL,SITEAREA,SITEPOSTNO,SITEWHLADDR,RDNWHLADDR,RDNPOSTNO,BPLCNM,LASTMODTS,UPDATEGBN,UPDATEDT,UPTAENM,X,Y,SNTUPTAENM,BDNGJISGFLRCNT,BDNGUNDERFLRCNT,USEJISGSTFLR,USEJISGENDFLR,USEUNDERSTFLR,USEUNDERENDFLR,HANSHILCNT,YANGSILCNT,YOKSILCNT,BALHANSILYN,CHAIRCNT,CNDPERMNTWHY,CNDPERMSTYMD,CNDPERMENDYMD,BDNGOWNSENM,WASHMCCNT,WMEIPCNT,MANEIPCNT,RCVDRYNCNT,ABEDCNT,MULTUSNUPSOYN
3130000,3130000-201-1958-00133,1958-10-04,,03,폐업,02,폐업,1994-04-15,,,,02 3222972,0.00,121-897,서울특별시 마포구 합정동 366-2번지,,,성원여관,2001-10-05 00:00:00,I,2018-08-31 23:59:59.0,여인숙업,192402.234109794,449526.911448615,여인숙업,0,0,0,0,0,0,14,0,,,,,,,,,0,0,,,N
3130000,3130000-201-1963-00076,1963-06-28,,03,폐업,02,폐업,2009-03-30,,,,02  362 8645,0.00,121-861,서울특별시 마포구 아현동 425-11번지,,,행화,2009-03-10 15:31:09,I,2018-08-31 23:59:59.0,여인숙업,196156.603326695,449972.490411799,여인숙업,0,0,0,0,0,0,4,0,,,,,,,,,0,0,,,N
3130000,3130000-201-1963-00077,1963-12-19,,03,폐업,02,폐업,1998-10-18,,,,0203125395,0.00,121-859,서울특별시 마포구 아현동 347-12번지,,,제일,1999-02-09 00:00:00,I,2018-08-31 23:59:59.0,여인숙업,195657.906841527,450497.845380082,여인숙업,0,0,0,0,0,0,16,0,,,,,,,,,0,0,,,N
3130000,3130000-201-1964-00028,1964-12-23,,03,폐업,02,폐업,2012-03-16,,,,02 7153969,200.00,121-808,서울특별시 마포구 대흥동 12-42번지,,,귀빈장여관,2005-08-10 00:00:00,I,2018-08-31 23:59:59.0,여관업,,,여관업,0,0,0,0,0,0,4,9,,,,,,,,,0,0,,,N
3130000,3130000-201-1964-00086,1964-12-04,,03,폐업,02,폐업,2006-10-16,,,,02 7130760,0.00,121-800,서울특별시 마포구 공덕동 22-34번지,,,한성여인숙,2002-06-07 00:00:00,I,2018-08-31 23:59:59.0,여인숙업,196228.533799687,449623.183590608,여인숙업,0,0,0,0,0,0,8,0,,,,,,,,,0,0,,,N
3130000,3130000-201-1965-00017,1965-07-02,,03,폐업,02,폐업,2009-03-25,,,,02  713 9020,149.00,121-851,서울특별시 마포구 신공덕동 25-24번지,,,동성여관,2007-11-20 10:26:21,I,2018-08-31 23:59:59.0,여관업,,,여관업,0,0,0,0,0,0,14,0,,,,,,,,,0,0,,,N
3130000,3130000-201-1965-00020,1965-10-29,,03,폐업,02,폐업,2004-04-28,,,,0207123622,66.00,121-812,서울특별시 마포구 도화동 4-94번지,,,경보,2004-06-21 00:00:00,I,2018-08-31 23:59:59.0,여관업,195770.544295874,448774.650967743,여관업,0,0,0,0,0,0,7,0,,,,,,,,,0,0,,,N
3130000,3130000-201-1965-00078,1965-08-30,,03,폐업,02,폐업,2013-09-30,,,,02  362 8483,75.00,121-863,서울특별시 마포구 아현동 641-21번지,,,대원,2007-11-20 10:26:50,I,2018-08-31 23:59:59.0,여인숙업,,,여인숙업,0,0,0,0,0,0,8,0,,,,,,,,,0,0,,,N
3130000,3130000-201-1965-00090,1965-08-30,,03,폐업,02,폐업,2012-09-05,,,,0207157808,0.00,121-805,서울특별시 마포구 공덕동 446-66번지,,,해주여인숙,2010-09-08 13:31:48,I,2018-08-31 23:59:59.0,여인숙업,,,여인숙업,0,0,0,0,0,0,9,0,,,,,,,,,0,0,,,N
3130000,3130000-201-1965-00121,1965-04-24,,03,폐업,02,폐업,2015-11-13,,,,02 7161868,0.00,121-807,서울특별시 마포구 노고산동 122-2번지,,,서강여관,2007-09-17 18:07:59,I,2018-08-31 23:59:59.0,여인숙업,,,여인숙업,0,0,0,0,0,0,9,0,,,,,,,,,0,0,,,N
3130000,3130000-201-1966-00006,1966-11-09,,03,폐업,02,폐업,2006-10-02,,,,02 3921043,0.00,121-858,서울특별시 마포구 아현동 85-262번지,,,용강여관,2002-06-05 00:00:00,I,2018-08-31 23:59:59.0,여관업,,,여관업,0,0,0,0,0,0,10,0,,,,,,,,,0,0,,,N
3130000,3130000-201-1966-00018,1966-08-02,,03,폐업,02,폐업,2007-12-31,,,,0207120223,73.10,121-851,서울특별시 마포구 신공덕동 49-0번지,,,수정여관,2005-03-17 00:00:00,I,2018-08-31 23:59:59.0,여관업,,,여관업,0,0,0,0,0,0,17,0,,,,,,,,,0,0,,,N
3130000,3130000-201-1966-00029,1966-11-22,,01,영업/정상,01,영업,,,,,02 3226009,0.00,121-807,서울특별시 마포구 노고산동 54-90,서울특별시 마포구 신촌로16길 16 (노고산동),04057,아더포레,2024-11-12 16:03:11,U,2024-11-14 02:40:00.0,여관업,194145.910119791,450308.589069852,여관업,0,0,0,0,0,0,42,0,,,,,,,,,0,0,,,N
3130000,3130000-201-1966-00044,1966-07-21,,03,폐업,02,폐업,2017-12-07,,,,02 3345847,87.17,121-885,서울특별시 마포구 합정동 379-4번지,서울특별시 마포구 양화진2길 41 (합정동),04084,센시,2017-12-07 14:01:04,I,2018-08-31 23:59:59.0,여관업,192043.507297118,449524.361048163,여관업,0,0,0,0,0,0,9,0,,,,,,,,,0,0,,,N
3130000,3130000-201-1966-00079,1966-04-23,,03,폐업,02,폐업,1999-03-15,,,,02 3641541,0.00,121-861,서울특별시 마포구 아현동 404-5번지,,,동호여인숙,1999-03-15 00:00:00,I,2018-08-31 23:59:59.0,여인숙업,,,여인숙업,0,0,0,0,0,0,12,0,,,,,,,,,0,0,,,N
3130000,3130000-201-1966-00080,1966-09-13,,01,영업/정상,01,영업,,,,,02 3136584,0.00,121-859,서울특별시 마포구 아현동 346-27,서울특별시 마포구 신촌로30길 3-12 (아현동),04115,신도여관,2023-10-27 08:28:40,U,2023-10-29 02:40:00.0,여인숙업,195747.454473835,450506.098536664,여인숙업,0,0,0,0,0,0,5,0,,,,,,,,,0,0,,,N
3130000,3130000-201-1966-00081,1966-11-11,,03,폐업,02,폐업,2002-10-29,,,,02 3629035,0.00,121-858,서울특별시 마포구 아현동 85-158번지,,,삼희여관,2002-11-08 00:00:00,I,2018-08-31 23:59:59.0,여인숙업,,,여인숙업,0,0,0,0,0,0,6,0,,,,,,,,,0,0,,,N
3130000,3130000-201-1966-00088,1966-09-23,,03,폐업,02,폐업,2003-02-20,,,,02 7152531,0.00,121-805,서울특별시 마포구 공덕동 446-76번지,,,오성여인숙,2003-04-21 00:00:00,I,2018-08-31 23:59:59.0,여인숙업,,,여인숙업,0,0,0,0,0,0,11,0,,,,,,,,,0,0,,,N
3130000,3130000-201-1966-00122,1966-07-02,,03,폐업,02,폐업,2009-03-25,,,,0207154737,38.72,121-806,서울특별시 마포구 노고산동 40-51번지,,,복여관,2004-10-06 00:00:00,I,2018-08-31 23:59:59.0,여인숙업,194480.62071727,450314.778015298,여인숙업,0,0,0,0,0,0,8,0,,,,,,,,,0,0,,,N
3130000,3130000-201-1966-00130,1966-09-19,,03,폐업,02,폐업,2003-06-11,,,,0203234140,47.31,121-881,서울특별시 마포구 창전동 187-6번지,,,귀빈,2003-06-11 00:00:00,I,2018-08-31 23:59:59.0,여인숙업,,,여인숙업,0,0,0,0,0,0,8,0,,,,,,,,,0,0,,,N
3130000,3130000-201-1967-00024,1967-06-05,,03,폐업,02,폐업,2012-10-24,,,,02 7015041,56.58,121-856,서울특별시 마포구 신수동 446-9번지,,,마포장,2009-02-17 13:22:58,I,2018-08-31 23:59:59.0,여관업,,,여관업,0,0,0,0,0,0,13,0,,,,,,,,,0,0,,,N
3130000,3130000-201-1967-00030,1967-05-10,,03,폐업,02,폐업,2008-03-18,,,,0207177829,96.00,121-806,서울특별시 마포구 노고산동 1-49번지,,,동신,2002-06-05 00:00:00,I,2018-08-31 23:59:59.0,여관업,194861.430793984,450413.950059959,여관업,0,0,0,0,0,0,16,0,,,,,,,,,0,0,,,N
3130000,3130000-201-1967-00036,1967-11-08,,03,폐업,02,폐업,2011-05-20,,,,02 3220688,49.13,121-828,서울특별시 마포구 상수동 36-1번지,,,서강,2007-09-17 15:40:23,I,2018-08-31 23:59:59.0,여관업,,,여관업,0,0,0,0,0,0,11,0,,,,,,,,,0,0,,,N
3130000,3130000-201-1967-00039,1967-08-24,,03,폐업,02,폐업,2000-11-24,,,,0203363681,67.11,121-816,서울특별시 마포구 동교동 153-8번지,,,강남여관,2002-06-05 00:00:00,I,2018-08-31 23:59:59.0,여관업,193182.998431004,450696.608458741,여관업,0,0,0,0,0,0,11,0,,,,,,,,,0,0,,,N
3130000,3130000-201-1967-00082,1967-12-02,,03,폐업,02,폐업,1994-05-23,,,,0203637306,0.00,121-858,서울특별시 마포구 아현동 115-0번지,,,성,1999-01-18 00:00:00,I,2018-08-31 23:59:59.0,여인숙업,,,여인숙업,0,0,0,0,0,0,7,0,,,,,,,,,0,0,,,N
3130000,3130000-201-1967-00083,1967-12-11,,03,폐업,02,폐업,2009-07-14,,,,02 3631401,0.00,121-859,서울특별시 마포구 아현동 345-8번지,,,개성여관,2009-02-06 10:42:20,I,2018-08-31 23:59:59.0,여인숙업,195706.75333782,450480.802410763,여인숙업,0,0,0,0,0,0,8,0,,,,,,,,,0,0,,,N
3130000,3130000-201-1967-00089,1967-05-27,,03,폐업,02,폐업,2003-02-20,,,,0207134801,49.53,121-800,서울특별시 마포구 공덕동 38-120번지,,,귀빈장,2003-04-21 00:00:00,I,2018-08-31 23:59:59.0,여인숙업,,,여인숙업,0,0,0,0,0,0,9,0,,,,,,,,,0,0,,,N
3130000,3130000-201-1967-00094,1967-08-04,,03,폐업,02,폐업,1997-11-19,,,,02 7122820,0.00,121-851,서울특별시 마포구 신공덕동 25-18번지,,,한양여인숙,1999-01-18 00:00:00,I,2018-08-31 23:59:59.0,여인숙업,,,여인숙업,0,0,0,0,0,0,12,0,,,,,,,,,0,0,,,N
3130000,3130000-201-1967-00097,1967-05-10,,03,폐업,02,폐업,2003-02-20,,,,02 7192573,0.00,121-851,서울특별시 마포구 신공덕동 27-4번지,,,신일여관,2003-04-21 00:00:00,I,2018-08-31 23:59:59.0,여인숙업,,,여인숙업,0,0,0,0,0,0,8,0,,,,,,,,,0,0,,,N
3130000,3130000-201-1967-00103,1967-05-20,,03,폐업,02,폐업,2013-04-02,,,,0207166022,35.59,121-875,서울특별시 마포구 용강동 26-25번지,,,태양,2002-06-07 00:00:00,I,2018-08-31 23:59:59.0,여인숙업,,,여인숙업,0,0,0,0,0,0,8,0,,,,,,,,,0,0,,,N
3130000,3130000-201-1967-00104,1967-09-02,,03,폐업,02,폐업,1999-01-06,,,,0207153832,0.00,121-856,서울특별시 마포구 신수동 446-6번지,,,고려장,2002-06-07 00:00:00,I,2018-08-31 23:59:59.0,여인숙업,194344.618792046,449067.150289253,여인숙업,0,0,0,0,0,0,9,0,,,,,,,,,0,0,,,N
3130000,3130000-201-1967-00132,1967-11-04,,03,폐업,02,폐업,1993-07-05,,,,02 3341067,0.00,121-885,서울특별시 마포구 합정동 415-1번지,,,대도여인숙,2001-10-05 00:00:00,I,2018-08-31 23:59:59.0,여인숙업,,,여인숙업,0,0,0,0,0,0,11,0,,,,,,,,,0,0,,,N
3130000,3130000-201-1968-00010,1968-06-05,,03,폐업,02,폐업,2003-02-20,,,,0207131379,46.25,121-800,서울특별시 마포구 공덕동 33-1번지,,,조일,2003-04-21 00:00:00,I,2018-08-31 23:59:59.0,여관업,,,여관업,0,0,0,0,0,0,11,0,,,,,,,,,0,0,,,N
3130000,3130000-201-1968-00011,1968-09-25,,01,영업/정상,01,영업,,,,,02 7119239,71.40,121-801,서울특별시 마포구 공덕동 105-228 3층,"서울특별시 마포구 마포대로14길 21, 3층 (공덕동)",04207,쉼’스테이,2024-05-30 11:31:21,U,2024-06-01 02:40:00.0,여관업,196132.264207886,449580.978639028,여관업,3,0,3,3,0,0,11,0,,,,,,,,,0,0,,,N
3130000,3130000-201-1968-00021,1968-10-24,,03,폐업,02,폐업,2022-11-10,,,,02 7120825,42.42,121-813,서울특별시 마포구 도화동 201-56,서울특별시 마포구 도화길 12-5 (도화동),04172,한일여관,2022-11-10 15:00:22,U,2022-11-12 02:40:00.0,여관업,195333.250490341,448614.970068925,여관업,0,0,0,0,0,0,10,0,,,,,,,,,0,0,,,N
3130000,3130000-201-1968-00043,1968-11-08,,03,폐업,02,폐업,2023-11-28,,,,02  324 8265,166.00,121-816,서울특별시 마포구 동교동 154-21,서울특별시 마포구 양화로19길 20 (동교동),03994,미성,2023-11-28 11:13:06,U,2023-11-30 02:40:00.0,여관업,193215.96228208,450681.443815072,여관업,0,0,0,0,0,0,13,0,,,,,,,,,0,0,,,N
3130000,3130000-201-1968-00095,1968-01-09,,03,폐업,02,폐업,2004-04-28,,,,0207122612,0.00,121-851,서울특별시 마포구 신공덕동 13-8번지,,,서울,2004-06-21 00:00:00,I,2018-08-31 23:59:59.0,여인숙업,195987.465145984,449259.100488401,여인숙업,0,0,0,0,0,0,6,0,,,,,,,,,0,0,,,N
3130000,3130000-201-1968-00096,1968-04-15,,03,폐업,02,폐업,2005-10-27,,,,0207129256,0.00,121-851,서울특별시 마포구 신공덕동 5-3번지,,,신도여관,2003-03-12 00:00:00,I,2018-08-31 23:59:59.0,여인숙업,196143.573598214,449495.948195083,여인숙업,0,0,0,0,0,0,5,0,,,,,,,,,0,0,,,N
3130000,3130000-201-1968-00098,1968-08-24,,03,폐업,02,폐업,1993-11-25,,,,02 7167963,0.00,121-812,서울특별시 마포구 도화동 4-54번지,,,부산여관,1999-01-18 00:00:00,I,2018-08-31 23:59:59.0,여인숙업,195772.389417498,448803.807540034,여인숙업,0,0,0,0,0,0,6,0,,,,,,,,,0,0,,,N
3130000,3130000-201-1968-00105,1968-07-24,,03,폐업,02,폐업,2005-01-19,,,,0207151050,52.65,121-854,서울특별시 마포구 신수동 71-5번지,,,명성여관,2002-06-07 00:00:00,I,2018-08-31 23:59:59.0,여인숙업,,,여인숙업,0,0,0,0,0,0,9,0,,,,,,,,,0,0,,,N
3130000,3130000-201-1968-00106,1968-12-31,,01,영업/정상,01,영업,,,,,02 7159006,0.00,121-854,서울특별시 마포구 신수동 81-15,서울특별시 마포구 서강로16길 63 (신수동),04109,일육육삼,2023-10-27 11:18:48,U,2023-10-29 02:40:00.0,여인숙업,194359.499233474,449920.023766153,여인숙업,0,0,0,0,0,0,10,0,,,,,,,,,0,0,,,N
3130000,3130000-201-1968-00108,1968-08-21,,01,영업/정상,01,영업,,,,,02 7173670,0.00,121-870,서울특별시 마포구 염리동 8-64,서울특별시 마포구 신촌로 190-4 (염리동),04113,혜성,2023-10-27 11:19:42,U,2023-10-29 02:40:00.0,여인숙업,195258.139337564,450472.26234619,여인숙업,0,0,0,0,0,0,16,0,,,,,,,,,0,0,,,N
3130000,3130000-201-1968-00109,1968-12-10,,03,폐업,02,폐업,2004-04-28,,,,0207156609,0.00,121-872,서울특별시 마포구 염리동 147-4번지,,,염리여관,2004-06-21 00:00:00,I,2018-08-31 23:59:59.0,여인숙업,195124.454332553,449470.987101134,여인숙업,0,0,0,0,0,0,8,0,,,,,,,,,0,0,,,N
3130000,3130000-201-1968-00110,1968-12-16,,03,폐업,02,폐업,2013-08-20,,,,0207151581,0.00,121-873,서울특별시 마포구 염리동 160-55번지,,,수정여인숙,2002-06-07 00:00:00,I,2018-08-31 23:59:59.0,여인숙업,,,여인숙업,0,0,0,0,0,0,9,0,,,,,,,,,0,0,,,N
3130000,3130000-201-1968-00147,1968-06-27,,03,폐업,02,폐업,2011-03-29,,,,,150.00,121-810,서울특별시 마포구 대흥동 327-1번지,,,대성여관,2010-12-30 17:31:56,I,2018-08-31 23:59:59.0,여관업,194788.91323706,449364.512627428,여관업,0,0,0,0,0,0,8,0,,,,,,,,,0,0,,,N
3130000,3130000-201-1969-00004,1969-11-21,,03,폐업,02,폐업,2019-09-27,,,,02 3651155,0.00,121-891,서울특별시 마포구 아현동 572-86번지,서울특별시 마포구 굴레방로7길 52 (아현동),04115,아담,2019-09-27 13:12:59,U,2019-09-29 02:40:00.0,여관업,195748.70543368,450472.62386034,여관업,0,0,0,0,0,0,12,0,,,,,,,,,0,0,,,N
3130000,3130000-201-1969-00005,1969-11-01,,03,폐업,02,폐업,2016-12-01,,,,02 3631278,146.19,121-859,서울특별시 마포구 아현동 352-7번지,서울특별시 마포구 신촌로28가길 10 (아현동),04114,미화여관,2002-06-05 00:00:00,I,2018-08-31 23:59:59.0,여관업,195543.853467745,450476.619369397,여관업,0,0,0,0,0,0,12,0,,,,,,,,,0,0,,,N
3130000,3130000-201-1969-00038,1969-07-10,,03,폐업,02,폐업,2006-11-21,,,,0203229007,107.38,121-150,서울특별시 마포구 하중동 82-7번지,,,청하,2002-06-05 00:00:00,I,2018-08-31 23:59:59.0,여관업,,,여관업,0,0,0,0,0,0,16,0,,,,,,,,,0,0,,,N
3130000,3130000-201-1969-00040,1969-10-28,,03,폐업,02,폐업,1997-06-25,,,,02 3342928,0.00,121-838,서울특별시 마포구 서교동 358-11번지,,,서울장여관,2001-10-05 00:00:00,I,2018-08-31 23:59:59.0,여인숙업,193138.701887647,450151.00343191,여인숙업,0,0,0,0,0,0,11,0,,,,,,,,,0,0,,,N
3130000,3130000-201-1969-00041,1969-12-03,,01,영업/정상,01,영업,,,,,02 3342459,136.00,121-838,서울특별시 마포구 서교동 355-7,서울특별시 마포구 홍익로5안길 34 (서교동),04039,동경모텔,2023-10-27 11:20:30,U,2023-10-29 02:40:00.0,여관업,192947.827885766,450128.040762411,여관업,0,0,0,0,0,0,15,0,,,,,,,,,0,0,,,N
3130000,3130000-201-1969-00099,1969-02-13,,03,폐업,02,폐업,2021-06-29,,,,02 7169048,0.00,121-813,서울특별시 마포구 도화동 331-0,서울특별시 마포구 도화길 14-3 (도화동),04172,동림,2021-06-29 09:56:11,U,2021-07-01 02:40:00.0,여인숙업,195338.559287826,448646.478961826,여인숙업,0,0,0,0,0,0,5,0,,,,,,,,,0,0,,,N
3130000,3130000-201-1969-00107,1969-01-10,,03,폐업,02,폐업,2006-10-04,,,,02 7047785,0.00,121-854,서울특별시 마포구 신수동 70-18번지,,,신촌여인숙,2005-08-10 00:00:00,I,2018-08-31 23:59:59.0,여인숙업,,,여인숙업,0,0,0,0,0,0,10,0,,,,,,,,,0,0,,,N
3130000,3130000-201-1969-00112,1969-04-04,,03,폐업,02,폐업,2018-11-05,,,,02 7012231,0.00,121-872,서울특별시 마포구 염리동 86-11번지,서울특별시 마포구 숭문길 7-1 (염리동),04137,크로바여관,2018-11-05 13:15:01,U,2018-11-07 02:36:23.0,여인숙업,195097.304983152,449407.267648145,여인숙업,0,0,0,0,0,0,8,0,,,,,,,,,0,0,,,N
3130000,3130000-201-1969-00118,1969-09-02,,03,폐업,02,폐업,1994-09-18,,,,0207154657,0.00,121-809,서울특별시 마포구 대흥동 254-0번지,,,성,1999-01-18 00:00:00,I,2018-08-31 23:59:59.0,여인숙업,,,여인숙업,0,0,0,0,0,0,10,0,,,,,,,,,0,0,,,N
3130000,3130000-201-1969-00134,1969-03-18,,03,폐업,02,폐업,1998-10-15,,,,0203376012,0.00,121-885,서울특별시 마포구 합정동 384-67번지,,,유림장,2001-10-05 00:00:00,I,2018-08-31 23:59:59.0,여인숙업,,,여인숙업,0,0,0,0,0,0,5,0,,,,,,,,,0,0,,,N
3130000,3130000-201-1969-00135,1969-11-03,,03,폐업,02,폐업,2003-02-20,,,,0203227141,0.00,121-885,서울특별시 마포구 합정동 416-47번지,,,대림여인숙,2003-04-21 00:00:00,I,2018-08-31 23:59:59.0,여인숙업,,,여인숙업,0,0,0,0,0,0,12,0,,,,,,,,,0,0,,,N
3130000,3130000-201-1969-00144,1969-06-19,,03,폐업,02,폐업,2001-10-25,,,,0207135943,0.00,121-803,서울특별시 마포구 공덕동 249-25번지,,,신포,2002-06-07 00:00:00,I,2018-08-31 23:59:59.0,여관업,195865.274006782,449352.989107253,여관업,0,0,0,0,0,0,18,0,,,,,,,,,0,0,,,N
3130000,3130000-201-1969-00149,1969-12-19,,03,폐업,02,폐업,2011-02-10,,,,0203224862,0.00,121-885,서울특별시 마포구 합정동 382-6번지,,,대호,2011-02-11 14:28:43,I,2018-08-31 23:59:59.0,여관업,,,여관업,0,0,0,0,0,0,15,5,,,,,,,,,0,0,,,N
3130000,3130000-201-1969-00150,1969-10-17,,03,폐업,02,폐업,2013-05-08,,,,0207150664,217.00,121-856,서울특별시 마포구 신수동 449-2번지,,,덕윤여관,2002-06-04 00:00:00,I,2018-08-31 23:59:59.0,여관업,,,여관업,4,0,3,0,0,0,6,14,,,,,,,,,0,0,,,N
3130000,3130000-201-1970-00008,1970-09-01,,03,폐업,02,폐업,2015-03-09,,,,02 3628111,57.22,121-860,서울특별시 마포구 아현동 380-11번지,,,보성,2005-08-10 00:00:00,I,2018-08-31 23:59:59.0,여관업,196185.208727483,450062.871275569,여관업,0,0,0,0,0,0,10,0,,,,,,,,,0,0,,,N
3130000,3130000-201-1970-00009,1970-09-10,,03,폐업,02,폐업,2013-08-23,,,,02 3630074,102.00,121-858,서울특별시 마포구 아현동 100-2번지,,,오복,2013-08-23 17:42:56,I,2018-08-31 23:59:59.0,여관업,,,여관업,0,0,0,0,0,0,14,0,,,,,,,,,0,0,,,N
3130000,3130000-201-1970-00012,1970-12-23,,03,폐업,02,폐업,2021-06-09,,,,02 7181403,0.00,121-801,서울특별시 마포구 공덕동 105-215,서울특별시 마포구 마포대로14가길 8-10 (공덕동),04207,안신장여관,2021-06-09 14:15:17,U,2021-06-11 02:40:00.0,여관업,196078.729863602,449643.152094287,여관업,0,0,0,0,0,0,11,0,,,,,,,,,0,0,,,N
3130000,3130000-201-1970-00022,1970-10-10,,01,영업/정상,01,영업,,,,,02  32753203,129.32,121-812,서울특별시 마포구 도화동 78-2,서울특별시 마포구 마포대로4라길 21 (도화동),04173,마포레지던스,2023-10-27 11:21:22,U,2023-10-29 02:40:00.0,여관업,195206.306035862,448350.940035676,여관업,0,0,0,0,0,0,13,0,,,,,,,,,0,0,,,N
3130000,3130000-201-1970-00025,1970-06-23,,01,영업/정상,01,영업,,,,,02 7180880,89.88,121-870,서울특별시 마포구 염리동 8-55,서울특별시 마포구 대흥로30길 23 (염리동),04113,호성여관,2023-10-27 11:26:43,U,2023-10-29 02:40:00.0,여관업,195280.139411113,450464.070599256,여관업,0,0,0,0,0,0,10,0,,,,,,,,,0,0,,,N
3130000,3130000-201-1970-00046,1970-10-20,,01,영업/정상,01,영업,,,,,02 3345330,59.00,121-820,서울특별시 마포구 망원동 378-6,서울특별시 마포구 월드컵로11길 8 (망원동),04013,남양,2023-10-27 11:28:20,U,2023-10-29 02:40:00.0,여관업,192014.240969391,450300.013816674,여관업,0,0,0,0,0,0,10,0,,,,,,,,,0,0,,,N
3130000,3130000-201-1970-00087,1970-06-01,,03,폐업,02,폐업,2007-11-29,,,,0232733926,0.00,121-803,서울특별시 마포구 공덕동 237-6번지 공덕252번지에서 지번변경,,,국제여관,2002-06-07 00:00:00,I,2018-08-31 23:59:59.0,여인숙업,,,여인숙업,0,0,0,0,0,0,5,0,,,,,,,,,0,0,,,N
3130000,3130000-201-1970-00091,1970-08-13,,01,영업/정상,01,영업,,,,,02 7164100,135.11,121-803,서울특별시 마포구 공덕동 242-45,서울특별시 마포구 마포대로12길 31 (공덕동),04211,나루호스텔,2023-10-27 19:11:35,U,2023-10-29 02:40:00.0,여인숙업,195942.959432834,449464.869763408,여인숙업,3,0,1,3,0,0,9,0,,,,,,,,,0,0,,,N
3130000,3130000-201-1970-00111,1970-05-18,,03,폐업,02,폐업,1997-02-03,,,,02 7160488,0.00,121-870,서울특별시 마포구 염리동 8-67번지,,,삼화,1999-01-18 00:00:00,I,2018-08-31 23:59:59.0,여인숙업,195248.88804606,450462.434813545,여인숙업,0,0,0,0,0,0,8,0,,,,,,,,,0,0,,,N
3130000,3130000-201-1970-00114,1970-10-26,,03,폐업,02,폐업,2007-09-07,,,,02 7174278,0.00,121-870,서울특별시 마포구 염리동 9-54번지,,,금산,2007-09-09 14:10:04,I,2018-08-31 23:59:59.0,여인숙업,195223.96300627,450385.976329791,여인숙업,0,0,0,0,0,0,9,0,,,,,,,,,0,0,,,N
3130000,3130000-201-1970-00119,1970-07-30,,03,폐업,02,폐업,2016-04-21,,,,02 7155801,37.24,121-808,서울특별시 마포구 대흥동 16-16번지,서울특별시 마포구 대흥로25길 6 (대흥동),04105,희모텔,2007-08-20 19:20:47,I,2018-08-31 23:59:59.0,여인숙업,,,여인숙업,0,0,0,0,0,0,7,0,,,,,,,,,0,0,,,N
3130000,3130000-201-1970-00123,1970-04-01,,03,폐업,02,폐업,2003-02-20,,,,0207194318,59.60,121-807,서울특별시 마포구 노고산동 107-23번지,,,노고산,2003-04-21 00:00:00,I,2018-08-31 23:59:59.0,여인숙업,194330.971866907,450192.028580956,여인숙업,0,0,0,0,0,0,19,0,,,,,,,,,0,0,,,N
3130000,3130000-201-1970-00148,1970-07-23,,03,폐업,02,폐업,2003-02-20,,,,0203370140,77.51,121-839,서울특별시 마포구 서교동 383-8번지,,,대호,2003-04-21 00:00:00,I,2018-08-31 23:59:59.0,여관업,192203.913646842,450004.894744385,여관업,0,0,0,0,0,0,13,0,,,,,,,,,0,0,,,N
3130000,3130000-201-1971-00013,1971-08-30,,03,폐업,02,폐업,2011-02-10,,,,02 7123349,390.80,121-805,서울특별시 마포구 공덕동 439-3번지,,,선화,2011-02-11 14:29:03,I,2018-08-31 23:59:59.0,여관업,,,여관업,0,0,0,0,0,0,6,7,,,,,,,,,0,0,,,N
3130000,3130000-201-1971-00014,1971-09-10,,01,영업/정상,01,영업,,,,,02 7120011,69.96,121-803,서울특별시 마포구 공덕동 242-46,서울특별시 마포구 마포대로12길 37 (공덕동),04211,록수,2023-10-27 19:12:29,U,2023-10-29 02:40:00.0,여관업,195933.125156914,449431.945466531,여관업,0,0,0,0,0,0,13,0,,,,,,,,,0,0,,,N
3130000,3130000-201-1971-00019,1971-09-30,,03,폐업,02,폐업,2019-07-04,,,,02 7016253,122.58,121-851,서울특별시 마포구 신공덕동 27-16번지,서울특별시 마포구 만리재로 20-16 (신공덕동),04195,렉스모텔,2019-07-05 09:54:39,U,2019-07-07 02:40:00.0,여관업,195794.943097613,449047.163138614,여관업,0,0,0,0,0,0,17,0,,,,,,,,,0,0,,,N
3130000,3130000-201-1971-00031,1971-02-09,,03,폐업,02,폐업,2015-07-08,,,,02 7283346,188.00,121-807,서울특별시 마포구 노고산동 109-69번지,서울특별시 마포구 백범로2길 32 (노고산동),04100,뉴타운모텔,2004-10-15 00:00:00,I,2018-08-31 23:59:59.0,여관업,194216.059870404,450160.932044659,여관업,0,0,0,0,0,0,0,17,,,,,,,,,0,0,,,N
3130000,3130000-201-1971-00032,1971-02-22,,03,폐업,02,폐업,2021-10-28,,,,02 7157055,189.00,121-807,서울특별시 마포구 노고산동 107-60,서울특별시 마포구 백범로 22-6 (노고산동),04109,DH 신촌하우스,2021-10-28 10:03:48,U,2021-10-30 02:40:00.0,여관업,194345.820437962,450043.220195204,여관업,0,0,0,0,0,0,10,6,,,,,,,,,0,0,,,N
3130000,3130000-201-1971-00033,1971-04-16,,03,폐업,02,폐업,2003-02-20,,,,02 7153483,0.00,121-806,서울특별시 마포구 노고산동 31-25번지,,,화성,2003-04-21 00:00:00,I,2018-08-31 23:59:59.0,여관업,194448.282122109,450249.326904288,여관업,0,0,0,0,0,0,13,0,,,,,,,,,0,0,,,N
3130000,3130000-201-1971-00034,1971-11-10,,03,폐업,02,폐업,1998-05-15,,,,02 7155562,0.00,121-807,서울특별시 마포구 노고산동 109-154번지,,,고려,1999-01-18 00:00:00,I,2018-08-31 23:59:59.0,여인숙업,194192.994417283,450148.819408241,여인숙업,0,0,0,0,0,0,13,0,,,,,,,,,0,0,,,N
3130000,3130000-201-1971-00035,1971-12-23,,03,폐업,02,폐업,1997-12-24,,,,02 3224086,67.95,121-881,서울특별시 마포구 창전동 15-11번지,,,동선,1999-01-18 00:00:00,I,2018-08-31 23:59:59.0,여인숙업,193943.61457054,449685.511177483,여인숙업,0,0,0,0,0,0,10,0,,,,,,,,,0,0,,,N
3130000,3130000-201-1971-00037,1971-08-19,,01,영업/정상,01,영업,,,,,02 3323301,111.93,121-829,서울특별시 마포구 상수동 336-16,서울특별시 마포구 와우산로3길 34 (상수동),04074,에이레이 모텔,2023-10-27 19:13:23,U,2023-10-29 02:40:00.0,여관업,192954.329037977,449300.786640543,여관업,0,0,0,0,0,0,10,0,,,,,,,,,0,0,,,N
3130000,3130000-201-1971-00045,1971-11-05,,03,폐업,02,폐업,2022-11-23,,,,02 3347635,59.00,121-886,서울특별시 마포구 합정동 399-3,서울특별시 마포구 희우정로3길 13 (합정동),04028,영스테이(YOUNG STAY),2022-11-23 16:32:04,U,2022-11-25 02:40:00.0,여관업,191720.40000408,449690.251874203,여관업,0,0,0,0,0,0,12,0,,,,,,,,,0,0,,,N
3130000,3130000-201-1971-00047,1971-08-10,,03,폐업,02,폐업,2004-06-09,,,,02 3355440,59.70,121-820,서울특별시 마포구 망원동 373-4번지,,,부흥,2003-06-19 00:00:00,I,2018-08-31 23:59:59.0,여관업,,,여관업,0,0,0,0,0,0,11,0,,,,,,,,,0,0,,,N
3130000,3130000-201-1971-00053,1971-08-28,,01,영업/정상,01,영업,,,,,02 3329358,118.25,121-846,서울특별시 마포구 성산동 632-6,서울특별시 마포구 월드컵북로9길 7 (성산동),03999,성산장,2023-10-27 19:14:08,U,2023-10-29 02:40:00.0,여관업,192597.95055552,450723.079731671,여관업,0,0,0,0,0,0,19,0,,,,,,,,,0,0,,,N
3130000,3130000-201-1971-00100,1971-10-13,,03,폐업,02,폐업,1994-09-28,,,,0207123444,0.00,121-812,서울특별시 마포구 도화동 184-20번지,,,동,1999-01-18 00:00:00,I,2018-08-31 23:59:59.0,여인숙업,195685.867227229,448816.543185433,여인숙업,0,0,0,0,0,0,5,0,,,,,,,,,0,0,,,N
3130000,3130000-201-1971-00124,1971-10-23,,03,폐업,02,폐업,1994-04-02,,,,02 7155241,0.00,121-806,서울특별시 마포구 노고산동 40-45번지,,,신도,1999-01-18 00:00:00,I,2018-08-31 23:59:59.0,여인숙업,,,여인숙업,0,0,0,0,0,0,9,0,,,,,,,,,0,0,,,N
3130000,3130000-201-1971-00136,1971-06-17,,03,폐업,02,폐업,2004-04-28,,,,0203342086,0.00,121-885,서울특별시 마포구 합정동 382-25번지,,,신일여인숙,2004-06-21 00:00:00,I,2018-08-31 23:59:59.0,여인숙업,,,여인숙업,0,0,0,0,0,0,8,0,,,,,,,,,0,0,,,N
3130000,3130000-201-1971-00139,1971-08-28,,03,폐업,02,폐업,2003-02-20,,,,0203240017,0.00,121-854,서울특별시 마포구 신수동 85-69번지,,,일신,2003-04-21 00:00:00,I,2018-08-31 23:59:59.0,여인숙업,194538.038908445,449630.221392721,여인숙업,0,0,0,0,0,0,20,0,,,,,,,,,0,0,,,N
3130000,3130000-201-1971-00140,1971-12-24,,03,폐업,02,폐업,1991-09-10,,,,0203731850,0.00,121-878,서울특별시 마포구 중동 314-0번지,,,삼호,2001-10-05 00:00:00,I,2018-08-31 23:59:59.0,여인숙업,192122.785022783,451899.970054527,여인숙업,0,0,0,0,0,0,14,0,,,,,,,,,0,0,,,N
3130000,3130000-201-1971-00145,1971-07-26,,01,영업/정상,01,영업,,,,,02 7127192,60.79,121-813,서울특별시 마포구 도화동 202-3,서울특별시 마포구 삼개로 13 (도화동),04172,가나모텔,2023-10-27 19:15:14,U,2023-10-29 02:40:00.0,여관업,195305.983896055,448543.222514718,여관업,0,0,0,0,0,0,12,0,,,,,,,,,0,0,,,N
3130000,3130000-201-1971-00146,1971-06-17,,03,폐업,02,폐업,2003-02-20,,,,0207179401,55.00,121-808,서울특별시 마포구 대흥동 12-64번지,,,대도,2003-04-21 00:00:00,I,2018-08-31 23:59:59.0,여관업,,,여관업,0,0,0,0,0,0,10,0,,,,,,,,,0,0,,,N
3130000,3130000-201-1971-00147,1971-11-27,,03,폐업,02,폐업,2017-03-30,,,,02 3631215,293.00,121-859,서울특별시 마포구 아현동 330-5번지,서울특별시 마포구 신촌로 262 (아현동),04116,금풍장,2017-03-30 14:19:33,I,2018-08-31 23:59:59.0,여관업,195939.503825641,450525.545395676,여관업,3,1,1,3,1,1,0,25,,,,,,,,,0,0,,,N
3130000,3130000-201-1971-00148,1971-02-01,,03,폐업,02,폐업,2003-02-20,,,,0207122117,535.00,121-852,서울특별시 마포구 신공덕동 63-6번지,,,금강여관,2003-04-21 00:00:00,I,2018-08-31 23:59:59.0,여관업,,,여관업,5,1,0,5,0,0,18,18,,,,,,,,,0,0,,,N
3130000,3130000-201-1971-00149,1971-11-23,,03,폐업,02,폐업,2021-06-11,,,,02 7154040,270.00,121-806,서울특별시 마포구 노고산동 31-77,서울특별시 마포구 백범로1길 8 (노고산동),04101,Hostel GAON,2021-06-11 11:33:24,U,2021-06-13 02:40:00.0,여관업,194409.755123725,450216.836750105,여관업,4,1,1,4,1,1,6,20,,,,,,,,,0,0,,,N
3130000,3130000-201-1971-00150,1971-11-23,,03,폐업,02,폐업,2021-05-21,,,,02 3348042,498.90,121-846,서울특별시 마포구 성산동 232-1,서울특별시 마포구 성미산로 74 (성산동),03999,청기와여관,2021-05-21 11:40:22,U,2021-05-23 02:40:00.0,여관업,192527.25936157,450839.913597938,여관업,3,1,1,3,1,1,0,23,,,,,,,,,0,0,,,N
3130000,3130000-201-1971-00151,1971-08-28,,01,영업/정상,01,영업,,,,,02 3240017,327.17,121-847,서울특별시 마포구 성산동 252-4,서울특별시 마포구 성미산로 3 (성산동),03971,성미,2023-10-27 19:16:51,U,2023-10-29 02:40:00.0,여인숙업,191857.555789257,450672.297140455,여인숙업,0,0,0,0,0,0,6,15,,,,,,,자가,,0,0,,,N
3130000,3130000-201-1972-00016,1972-02-10,,03,폐업,02,폐업,1996-07-08,,,,02 7122933,0.00,121-852,서울특별시 마포구 신공덕동 63-5번지,,,삼화,1999-01-18 00:00:00,I,2018-08-31 23:59:59.0,여인숙업,,,여인숙업,0,0,0,0,0,0,12,0,,,,,,,,,0,0,,,N
3130000,3130000-201-1972-00026,1972-12-02,,03,폐업,02,폐업,2019-12-24,,,,02 7153920,71.60,121-808,서울특별시 마포구 대흥동 12-161번지,서울특별시 마포구 대흥로 187-1 (대흥동),,낙원,2019-12-24 18:01:05,U,2019-12-26 02:40:00.0,여관업,,,여관업,0,0,0,0,0,0,14,0,,,,,,,,,0,0,,,N
3130000,3130000-201-1972-00048,1972-07-15,,01,영업/정상,01,영업,,,,,02 3349235,243.11,121-887,서울특별시 마포구 합정동 426-28,서울특별시 마포구 월드컵로7길 13-7 (합정동),04023,포근 합정,2024-11-29 11:50:31,U,2024-12-01 02:40:00.0,여관업,192105.073652802,450015.059166496,여관업,3,1,0,0,0,0,0,16,,,,,,,,,0,0,,,N
3130000,3130000-201-1972-00054,1972-08-28,,03,폐업,02,폐업,2023-10-30,,,,02 3222719,65.71,121-846,서울특별시 마포구 성산동 630-16,서울특별시 마포구 월드컵북로 60 (성산동),03986,귀빈장여관,2023-10-30 14:35:33,U,2023-11-01 02:40:00.0,여관업,192625.416664653,450809.776524367,여관업,0,0,0,0,0,0,14,0,,,,,,,,,0,0,,,N
3130000,3130000-201-1972-00084,1972-10-20,,01,영업/정상,01,영업,,,,,,45.61,121-891,서울특별시 마포구 아현동 570-49,서울특별시 마포구 굴레방로7길 34 (아현동),04115,대명,2023-10-27 19:21:26,U,2023-10-29 02:40:00.0,여인숙업,195835.219793793,450453.237339846,여인숙업,0,0,0,0,0,0,9,0,,,,,,,,,0,0,,,N
3130000,3130000-201-1972-00085,1972-04-12,,03,폐업,02,폐업,1996-07-29,,,,0207133267,0.00,121-805,서울특별시 마포구 공덕동 429-9번지,,,부영,2001-10-05 00:00:00,I,2018-08-31 23:59:59.0,여인숙업,,,여인숙업,0,0,0,0,0,0,7,0,,,,,,,,,0,0,,,N
3130000,3130000-201-1972-00093,1972-10-13,,03,폐업,02,폐업,1997-06-25,,,,02 7120346,0.00,121-800,서울특별시 마포구 공덕동 64-1번지,,,창신여인숙,2001-10-05 00:00:00,I,2018-08-31 23:59:59.0,여인숙업,,,여인숙업,0,0,0,0,0,0,10,0,,,,,,,,,0,0,,,N
3130000,3130000-201-1972-00101,1972-01-31,,03,폐업,02,폐업,1993-06-10,,,,02 7153079,0.00,121-875,서울특별시 마포구 용강동 40-2번지,,,용강,1999-01-18 00:00:00,I,2018-08-31 23:59:59.0,여인숙업,194999.81899549,448607.075232254,여인숙업,0,0,0,0,0,0,15,0,,,,,,,,,0,0,,,N
3130000,3130000-201-1972-00102,1972-01-14,,03,폐업,02,폐업,2011-12-19,,,,02 7176086,55.92,121-875,서울특별시 마포구 용강동 115-15번지,,,중앙,2009-03-19 09:36:03,I,2018-08-31 23:59:59.0,여관업,,,여관업,0,0,0,0,0,0,9,0,,,,,,,,,0,0,,,N
3130000,3130000-201-1972-00116,1972-05-18,,03,폐업,02,폐업,1994-07-04,,,,0207150213,0.00,121-809,서울특별시 마포구 대흥동 241-2번지,,,대,1999-01-18 00:00:00,I,2018-08-31 23:59:59.0,여인숙업,194957.726818874,449392.94800101,여인숙업,0,0,0,0,0,0,10,0,,,,,,,,,0,0,,,N
3130000,3130000-201-1972-00117,1972-06-14,,03,폐업,02,폐업,2006-10-04,,,,02 7165685,0.00,121-873,서울특별시 마포구 염리동 160-2번지,,,경일,2005-08-10 00:00:00,I,2018-08-31 23:59:59.0,여인숙업,,,여인숙업,0,0,0,0,0,0,13,0,,,,,,,,,0,0,,,N
3130000,3130000-201-1972-00120,1972-06-10,,03,폐업,02,폐업,2001-12-03,,,,0200000000,0.00,121-807,서울특별시 마포구 노고산동 109-144번지,,,아담,2002-06-07 00:00:00,I,2018-08-31 23:59:59.0,여인숙업,194208.068454966,450150.578145062,여인숙업,0,0,0,0,0,0,9,0,,,,,,,,,0,0,,,N
3130000,3130000-201-1972-00125,1972-12-23,,03,폐업,02,폐업,1999-06-15,,,,0203240835,0.00,121-807,서울특별시 마포구 노고산동 54-36번지,,,정화여인숙,2002-06-05 00:00:00,I,2018-08-31 23:59:59.0,여인숙업,194070.123427035,450298.395466676,여인숙업,0,0,0,0,0,0,10,0,,,,,,,,,0,0,,,N
3130000,3130000-201-1972-00131,1972-09-19,,03,폐업,02,폐업,2001-06-07,,,,02 3347240,55.26,121-818,서울특별시 마포구 동교동 167-24번지,,,형제,2002-06-07 00:00:00,I,2018-08-31 23:59:59.0,여인숙업,193337.915881287,450604.707927367,여인숙업,0,0,0,0,0,0,10,0,,,,,,,,,0,0,,,N
3130000,3130000-201-1972-00132,1972-12-23,,03,폐업,02,폐업,2003-06-17,,,,0203240835,0.00,121-807,서울특별시 마포구 노고산동 54-36번지,,,정화여인숙,2002-08-29 00:00:00,I,2018-08-31 23:59:59.0,여인숙업,194070.123427035,450298.395466676,여인숙업,0,0,0,0,0,0,10,0,,,,,,,,,0,0,,,N
3130000,3130000-201-1973-00015,1973-05-14,,03,폐업,02,폐업,2003-02-20,,,,0207168955,73.74,121-805,서울특별시 마포구 공덕동 394-33번지,,,일강,2003-04-21 00:00:00,I,2018-08-31 23:59:59.0,여관업,,,여관업,0,0,0,0,0,0,13,0,,,,,,,,,0,0,,,N
3130000,3130000-201-1973-00023,1973-10-02,,03,폐업,02,폐업,2004-04-28,,,,0207120720,114.00,121-812,서울특별시 마포구 도화동 196-29번지,,,오복,2004-06-21 00:00:00,I,2018-08-31 23:59:59.0,여관업,195634.334934326,448762.652741445,여관업,0,0,0,0,0,0,12,0,,,,,,,,,0,0,,,N
3130000,3130000-201-1973-00027,1973-04-10,,03,폐업,02,폐업,2020-06-26,,,,02 7160885,180.00,121-808,서울특별시 마포구 대흥동 12-1,서울특별시 마포구 신촌로 182 (대흥동),04104,그랜드여관,2020-06-26 13:10:43,U,2020-06-28 02:40:00.0,여관업,195126.674663262,450459.147152486,여관업,0,0,0,0,0,0,14,0,,,,,,,임대,,0,0,,,N
3130000,3130000-201-1973-00042,1973-09-08,,03,폐업,02,폐업,2005-05-26,,,,0203376204,84.00,121-842,서울특별시 마포구 서교동 459-5번지,,,중앙,2005-04-07 00:00:00,I,2018-08-31 23:59:59.0,여관업,192525.510535974,450329.86573636,여관업,0,0,0,0,0,0,9,0,,,,,,,,,0,0,,,N
3130000,3130000-201-1973-00092,1973-02-20,,03,폐업,02,폐업,1995-04-11,,,,02 7131731,0.00,121-800,서울특별시 마포구 공덕동 7-23번지,,,대동여인숙,1999-01-18 00:00:00,I,2018-08-31 23:59:59.0,여인숙업,196700.29270525,449722.697649952,여인숙업,0,0,0,0,0,0,5,0,,,,,,,,,0,0,,,N
3130000,3130000-201-1973-00113,1973-08-22,,03,폐업,02,폐업,2003-02-20,,,,02 7152088,0.00,121-872,서울특별시 마포구 염리동 82-4번지,,,명보,2003-04-21 00:00:00,I,2018-08-31 23:59:59.0,여인숙업,195098.783236044,449590.223310973,여인숙업,0,0,0,0,0,0,9,0,,,,,,,,,0,0,,,N
3130000,3130000-201-1973-00115,1973-07-07,,03,폐업,02,폐업,1995-06-12,,,,02 7160943,0.00,121-870,서울특별시 마포구 염리동 14-106번지,,,신흥,1999-01-18 00:00:00,I,2018-08-31 23:59:59.0,여인숙업,,,여인숙업,0,0,0,0,0,0,7,0,,,,,,,,,0,0,,,N
3130000,3130000-201-1973-00126,1973-03-31,,03,폐업,02,폐업,2003-02-20,,,,0207194318,0.00,121-807,서울특별시 마포구 노고산동 107-37번지,,,수복여인숙,2003-04-21 00:00:00,I,2018-08-31 23:59:59.0,여인숙업,,,여인숙업,0,0,0,0,0,0,8,0,,,,,,,,,0,0,,,N
3130000,3130000-201-1973-00127,1973-05-29,,03,폐업,02,폐업,1997-11-25,,,,02 7150042,0.00,121-807,서울특별시 마포구 노고산동 109-65번지,,,일심여인숙,1999-01-18 00:00:00,I,2018-08-31 23:59:59.0,여인숙업,194155.713538792,450134.898495025,여인숙업,0,0,0,0,0,0,9,0,,,,,,,,,0,0,,,N
3130000,3130000-201-1973-00129,1973-10-11,,03,폐업,02,폐업,2025-03-01,,,,02  32732296,81.81,121-807,서울특별시 마포구 노고산동 109-161,서울특별시 마포구 서강로18길 10 (노고산동),04109,두드림,2025-03-17 09:36:43,U,2025-03-21 02:40:00.0,여인숙업,194233.509668738,450128.342214134,여인숙업,0,0,0,0,0,0,20,0,,,,,,,,,0,0,,,N
3130000,3130000-201-1974-00128,1974-02-05,,03,폐업,02,폐업,1998-11-17,,,,02 7150042,0.00,121-807,서울특별시 마포구 노고산동 109-63번지,,,신촌여인숙,1999-01-18 00:00:00,I,2018-08-31 23:59:59.0,여인숙업,194168.536218124,450139.855202606,여인숙업,0,0,0,0,0,0,8,0,,,,,,,,,0,0,,,N
3130000,3130000-201-1975-00049,1975-02-03,,03,폐업,02,폐업,2004-11-04,,,,0207175649,76.97,121-807,서울특별시 마포구 노고산동 106-37번지,,,동보여관,2004-08-30 00:00:00,I,2018-08-31 23:59:59.0,여관업,194249.658830963,450160.735036693,여관업,0,0,0,0,0,0,14,0,,,,,,,,,0,0,,,N
3130000,3130000-201-1975-00050,1975-02-17,,03,폐업,02,폐업,2011-01-07,,,,02 7199060,468.00,121-807,서울특별시 마포구 노고산동 106-91번지,,,위드호텔,2010-12-28 13:22:58,I,2018-08-31 23:59:59.0,일반호텔,194236.165651494,450181.510179824,일반호텔,0,0,0,0,0,0,0,30,,,,,,,,,0,0,,,N
3130000,3130000-201-1975-00051,1975-04-23,,03,폐업,02,폐업,2022-04-06,,,,,143.61,121-807,서울특별시 마포구 노고산동 57-31,서울특별시 마포구 신촌로18길 15-6 (노고산동),04058,Blue맨션,2022-04-06 16:39:50,U,2022-04-09 02:40:00.0,여관업,194206.280678065,450269.361726124,여관업,0,0,1,2,1,1,11,0,,,,,,,임대,,0,0,,,N
3130000,3130000-201-1975-00052,1975-10-14,,03,폐업,02,폐업,2004-04-28,,,,02 7175897,58.78,121-807,서울특별시 마포구 노고산동 109-83번지,,,금성장,2004-06-21 00:00:00,I,2018-08-31 23:59:59.0,여관업,,,여관업,0,0,0,0,0,0,12,0,,,,,,,,,0,0,,,N
3130000,3130000-201-1975-00137,1975-01-24,,03,폐업,02,폐업,2005-04-19,,,,0207170918,0.00,121-807,서울특별시 마포구 노고산동 109-3번지,,,새서울여인숙,2002-06-07 00:00:00,I,2018-08-31 23:59:59.0,여인숙업,194159.849864981,450116.187787432,여인숙업,0,0,0,0,0,0,13,0,,,,,,,,,0,0,,,N
3130000,3130000-201-1975-00138,1975-04-10,,03,폐업,02,폐업,1997-03-29,,,,02 7157012,0.00,121-854,서울특별시 마포구 신수동 85-69번지,,,일신,2001-10-05 00:00:00,I,2018-08-31 23:59:59.0,여인숙업,194538.038908445,449630.221392721,여인숙업,0,0,0,0,0,0,10,0,,,,,,,,,0,0,,,N
3130000,3130000-201-1975-00141,1975-12-23,,03,폐업,02,폐업,2003-02-20,,,,02 5328366,0.00,121-807,서울특별시 마포구 노고산동 109-62번지,,,쌍학여인숙,2003-04-21 00:00:00,I,2018-08-31 23:59:59.0,여인숙업,194221.213451672,450138.046512471,여인숙업,0,0,0,0,0,0,14,0,,,,,,,,,0,0,,,N
3130000,3130000-201-1976-00055,1976-05-31,,03,폐업,02,폐업,2022-01-06,,,,02 3345652,96.43,121-807,서울특별시 마포구 노고산동 57-44,서울특별시 마포구 신촌로18길 21 (노고산동),04058,K-신촌(Shinchon) 2,2022-01-06 15:39:50,U,2022-01-08 02:40:00.0,여관업,194178.827238177,450252.833964311,여관업,0,0,0,0,0,0,14,0,,,,,,,,,0,0,,,N
3130000,3130000-201-1976-00056,1976-09-28,,01,영업/정상,01,영업,,,,,02 7156277,108.57,121-807,서울특별시 마포구 노고산동 106-105 (노고산동106-91에서 번지분할변경),"서울특별시 마포구 백범로2길 24 (노고산동,(노고산동106-91에서 번지분할변경))",04100,신촌 시스터즈,2023-10-28 13:13:25,U,2023-10-30 02:40:00.0,여관업,194244.204955715,450182.555163206,여관업,0,0,0,0,0,0,12,0,,,,,,,,,0,0,,,N
3130000,3130000-201-1976-00150,1976-04-07,,03,폐업,02,폐업,2008-09-25,,,,02 3932995,161.90,121-859,서울특별시 마포구 아현동 336-5번지,,,고려여관,2005-08-10 00:00:00,I,2018-08-31 23:59:59.0,여관업,,,여관업,0,0,0,0,0,0,17,0,,,,,,,,,0,0,,,N
3130000,3130000-201-1977-00151,1977-04-19,,03,폐업,02,폐업,1999-06-15,,,,02 7165858,0.00,121-807,서울특별시 마포구 노고산동 106-90번지,,,청하장,1999-06-15 00:00:00,I,2018-08-31 23:59:59.0,여관업,194252.449723335,450188.516357217,여관업,0,0,0,0,0,0,14,0,,,,,,,,,0,0,,,N
3130000,3130000-201-1977-00152,1977-04-19,,03,폐업,02,폐업,2005-10-06,,,,02 7178426,0.00,121-807,서울특별시 마포구 노고산동 106-90번지,,,금실,2003-05-29 00:00:00,I,2018-08-31 23:59:59.0,일반호텔,194252.449723335,450188.516357217,일반호텔,0,0,0,0,0,0,0,13,,,,,,,,,0,0,,,N
3130000,3130000-201-1978-00058,1978-02-27,,03,폐업,02,폐업,2002-12-12,,,,0207151746,133.75,121-807,서울특별시 마포구 노고산동 106-89번지,,,대호,2003-01-29 00:00:00,I,2018-08-31 23:59:59.0,여관업,194263.848982173,450196.741439706,여관업,0,0,0,0,0,0,11,0,,,,,,,,,0,0,,,N
3130000,3130000-201-1978-00059,1978-02-27,,03,폐업,02,폐업,2005-05-23,,,,02 7176959,136.00,121-807,서울특별시 마포구 노고산동 106-89번지,,,청솔장,2005-10-21 00:00:00,I,2018-08-31 23:59:59.0,여관업,194263.848982173,450196.741439706,여관업,0,0,0,0,0,0,11,0,,,,,,,,,0,0,,,N
3130000,3130000-201-1978-00060,1978-03-07,,03,폐업,02,폐업,2017-05-19,,,,02 7179109,88.39,121-807,서울특별시 마포구 노고산동 109-84번지,서울특별시 마포구 백범로2길 38 (노고산동),04100,베이스캠프,2017-05-19 15:14:34,I,2018-08-31 23:59:59.0,여관업,194186.209388181,450135.256797175,여관업,0,0,0,0,0,0,17,0,,,,,,,,,0,0,,,N
3130000,3130000-201-1978-00061,1978-03-07,,01,영업/정상,01,영업,,,,,,67.32,121-807,서울특별시 마포구 노고산동 109-84,서울특별시 마포구 백범로2길 38 (노고산동),04100,한도여관,2023-10-28 13:14:27,U,2023-10-30 02:40:00.0,여관업,194186.209388181,450135.256797175,여관업,0,0,0,0,0,0,13,0,,,,,,,,,0,0,,,N
3130000,3130000-201-1978-00062,1978-04-26,,03,폐업,02,폐업,1998-10-15,,,,0207174087,0.00,121-807,서울특별시 마포구 노고산동 109-91번지,,,신라장,2001-10-05 00:00:00,I,2018-08-31 23:59:59.0,여인숙업,194204.808648691,450125.79329858,여인숙업,0,0,0,0,0,0,13,0,,,,,,,,,0,0,,,N
3130000,3130000-201-1978-00063,1978-04-26,,03,폐업,02,폐업,2025-04-21,,,,02 7158886,100.05,121-807,서울특별시 마포구 노고산동 109-91,서울특별시 마포구 백범로2길 35 (노고산동),04109,초콜렛트리,2026-01-05 15:07:18,U,2026-01-07 02:40:00.0,여관업,194204.808648691,450125.79329858,여관업,0,0,0,0,0,0,13,0,,,,,,,,,0,0,,,N
3130000,3130000-201-1978-00064,1978-07-10,,03,폐업,02,폐업,2008-03-18,,,,02 7171068,128.45,121-802,서울특별시 마포구 공덕동 125-1번지,,,쌍룡여관,2005-08-10 00:00:00,I,2018-08-31 23:59:59.0,여관업,,,여관업,0,0,0,0,0,0,9,0,,,,,,,,,0,0,,,N
3130000,3130000-201-1978-00065,1978-11-30,,03,폐업,02,폐업,2003-02-20,,,,0203366532,119.40,121-807,서울특별시 마포구 노고산동 57-59번지,,,삼호,2003-04-21 00:00:00,I,2018-08-31 23:59:59.0,여관업,194212.450437765,450330.668710125,여관업,0,0,0,0,0,0,15,0,,,,,,,,,0,0,,,N
3130000,3130000-201-1978-00142,1978-06-29,,03,폐업,02,폐업,1999-03-10,,,,,0.00,121-807,서울특별시 마포구 노고산동 57-56번지,,,가림여관,2001-10-05 00:00:00,I,2018-08-31 23:59:59.0,여인숙업,194207.624672711,450283.373439206,여인숙업,0,0,0,0,0,0,9,0,,,,,,,,,0,0,,,N
3130000,3130000-201-1978-00143,1978-03-15,,01,영업/정상,01,영업,,,,,02 3240021,662.00,121-893,서울특별시 마포구 서교동 373-1,서울특별시 마포구 양화로 94 (서교동),04043,보보호텔,2023-10-28 13:17:38,U,2023-10-30 02:40:00.0,관광호텔,192702.357899428,450008.91757619,관광호텔,5,1,1,4,0,0,0,50,,,,,,,,,0,0,,,N
3130000,3130000-201-1978-00144,1978-09-24,,01,영업/정상,01,영업,,,,,02 7115781,158.00,121-807,서울특별시 마포구 노고산동 107-35,서울특별시 마포구 서강로20길 17 (노고산동),04100,도로시모텔,2023-10-28 13:18:14,U,2023-10-30 02:40:00.0,여관업,194322.634356244,450160.920132894,여관업,4,1,1,4,0,0,5,16,,,,,,,,,0,0,,,N
3130000,3130000-201-1980-00156,1980-10-08,,03,폐업,02,폐업,2004-04-28,,,,02 7153292,0.00,121-807,서울특별시 마포구 노고산동 106-9번지,,,청수장,2004-10-01 00:00:00,I,2018-08-31 23:59:59.0,여관업,194286.134516333,450187.756009093,여관업,0,0,0,0,0,0,2,15,,,,,,,,,0,0,,,N
3130000,3130000-201-1980-00157,1980-09-05,,01,영업/정상,01,영업,,,,,0232724451,210.00,121-807,서울특별시 마포구 노고산동 106-39,서울특별시 마포구 서강로18길 7 (노고산동),04109,모텔산타페,2025-03-16 16:16:11,U,2025-03-18 02:40:00.0,여관업,194244.721130625,450149.525482008,여관업,4,1,0,4,0,0,5,15,,,,,,,,,0,0,,,N
3130000,3130000-201-1981-00143,1981-05-10,,01,영업/정상,01,영업,,,,,02 7152188,33.91,121-807,서울특별시 마포구 노고산동 106-84,서울특별시 마포구 백범로2길 14 (노고산동),04100,1965 신촌인,2025-04-21 13:47:20,U,2025-04-23 02:40:00.0,여인숙업,194283.760971371,450215.110902338,여인숙업,1,0,1,1,0,0,0,6,,,,,,,,,0,0,,,N
3130000,3130000-201-1981-00144,1981-12-05,,03,폐업,02,폐업,2022-12-08,,,,02 3365656,254.00,121-885,서울특별시 마포구 합정동 383-18,서울특별시 마포구 양화로 25 (합정동),04027,서원장,2022-12-08 09:37:05,U,2022-12-10 02:40:00.0,여관업,192148.252341652,449648.399123031,여관업,3,0,1,3,0,0,0,21,,,,,,,,,0,0,,,N
3130000,3130000-201-1981-00145,1981-12-30,,03,폐업,02,폐업,2008-09-04,,,,02 3345858,203.00,121-886,서울특별시 마포구 합정동 397-5번지,,,합정장,2005-08-10 00:00:00,I,2018-08-31 23:59:59.0,일반호텔,191816.173818714,449627.298117627,일반호텔,3,0,0,3,0,0,10,10,,,,,,,,,0,0,,,N
3130000,3130000-201-1982-00066,1982-05-18,,03,폐업,02,폐업,2003-02-20,,,,0203349390,177.81,121-829,서울특별시 마포구 상수동 332-1번지,,,상수장여관,2003-04-21 00:00:00,I,2018-08-31 23:59:59.0,여관업,193101.952777082,449322.615526724,여관업,0,0,0,0,0,0,10,0,,,,,,,,,0,0,,,N
3130000,3130000-201-1982-00067,1982-02-25,,01,영업/정상,01,영업,,,,,02 3327771,546.00,121-885,서울특별시 마포구 합정동 380-11,서울특별시 마포구 양화로 16 (합정동),04070,준희빈호텔,2025-03-16 16:15:17,U,2025-03-18 02:40:00.0,일반호텔,192078.440129656,449559.465454856,일반호텔,5,1,0,5,0,1,0,31,,,,,,,,,0,0,,,N
3130000,3130000-201-1982-00068,1982-12-11,,01,영업/정상,01,영업,,,,,02 3245555,206.00,121-885,서울특별시 마포구 합정동 380-36,서울특별시 마포구 양화로 16 (합정동),04070,준희빈,2025-03-16 16:14:47,U,2025-03-18 02:40:00.0,여관업,192058.07924221,449543.467119037,여관업,3,0,1,3,0,0,4,16,,,,,,,,,0,0,,,N
3130000,3130000-201-1982-00069,1982-06-01,,01,영업/정상,01,영업,,,,,02 7179044,48.26,121-870,서울특별시 마포구 염리동 9-130,서울특별시 마포구 숭문길 220 (염리동),04113,국제여인숙,2025-02-24 11:03:15,U,2025-02-26 02:40:00.0,여인숙업,195214.894094329,450440.807878244,여인숙업,0,0,0,0,0,0,8,0,,,,,,,,,0,0,,,N
3130000,3130000-201-1983-00001,1983-01-26,,03,폐업,02,폐업,2017-11-30,,,,02 3307777,4704.38,121-838,서울특별시 마포구 서교동 354-5번지,서울특별시 마포구 양화로 130 (서교동),04038,(주)아주호텔서교,2017-11-30 11:17:42,I,2018-08-31 23:59:59.0,관광호텔,192971.947727746,450243.232547428,관광호텔,0,0,0,0,0,0,3,132,,,,,,,,,0,0,,,N
3130000,3130000-201-1983-00067,1983-06-23,,03,폐업,02,폐업,2019-06-27,,,,,215.82,121-130,서울특별시 마포구 구수동 70-3번지,서울특별시 마포구 토정로 195 (구수동),04087,아이스테이(ISTAY),2019-06-27 09:19:18,U,2019-06-29 02:40:00.0,여관업,193986.58494114,449258.271586948,여관업,0,0,0,0,0,0,11,0,,,,,,,,,0,0,,,N
3130000,3130000-201-1983-00068,1983-02-19,,03,폐업,02,폐업,2009-01-14,,,,02 3367033,692.00,121-885,서울특별시 마포구 합정동 379-10번지,,,운하장,2005-08-10 00:00:00,I,2018-08-31 23:59:59.0,여관업,192036.792496455,449487.322323027,여관업,3,1,0,3,0,0,5,16,,,,,,,,,0,0,,,N
3130000,3130000-201-1983-00069,1983-10-25,,01,영업/정상,01,영업,,,,,02 3353388,393.51,121-838,서울특별시 마포구 서교동 354-2,"서울특별시 마포구 홍익로 29, 3,4,5층층 (서교동)",04038,니도나도(Nido Nado),2023-10-29 09:36:56,U,2023-10-31 02:40:00.0,여관업,193011.982270224,450260.49121473,여관업,5,0,0,5,0,0,10,10,,,,,,,,,0,0,,,N
3130000,3130000-201-1984-00068,1984-08-10,,03,폐업,02,폐업,2006-10-04,,,,02 3322123,122.00,121-140,서울특별시 마포구 신정동 140-3번지,,,진영여관,2005-08-10 00:00:00,I,2018-08-31 23:59:59.0,여관업,,,여관업,0,0,0,0,0,0,2,13,,,,,,,,,0,0,,,N
3130000,3130000-201-1984-00070,1984-01-26,,03,폐업,02,폐업,2022-08-22,,,,0231434597,1532.00,121-894,서울특별시 마포구 서교동 377-1,서울특별시 마포구 잔다리로 67 (서교동),04034,호텔야자 홍대점,2022-08-22 16:54:59,U,2022-08-24 02:40:00.0,관광호텔,192584.698023412,450151.420026822,관광호텔,0,0,0,0,0,0,2,40,,,,,,,,,0,0,,,N
3130000,3130000-201-1985-00002,1985-10-11,,01,영업/정상,01,영업,,,,,02 7179441,26540.50,121-812,서울특별시 마포구 도화동 169-1,서울특별시 마포구 마포대로 58 (도화동),04168,서울가든호텔,2023-10-29 09:38:08,U,2023-10-31 02:40:00.0,관광호텔,195366.504486477,448716.823596557,관광호텔,0,0,0,0,0,0,5,358,,,,,,,,,0,0,,,N
3130000,3130000-201-1988-00003,1988-07-21,,03,폐업,02,폐업,2004-04-22,,,,0203351183,0.00,121-885,서울특별시 마포구 합정동 381-17번지,,,서서울관광호텔,2004-04-30 00:00:00,I,2018-08-31 23:59:59.0,관광호텔,,,관광호텔,0,0,0,0,0,0,13,67,,,,,,,,,0,0,,,N
3130000,3130000-201-1988-00152,1988-07-06,,03,폐업,02,폐업,2025-03-31,,,,02 7175288,234.00,121-807,서울특별시 마포구 노고산동 109-6,서울특별시 마포구 서강로18길 14 (노고산동),04109,호텔파르페,2025-11-07 10:09:35,U,2025-11-09 02:40:00.0,여관업,194239.662859228,450118.356320057,여관업,0,0,0,0,0,0,4,15,,,,,,,,,0,0,,,N
3130000,3130000-201-1988-00153,1988-12-01,,03,폐업,02,폐업,2021-08-18,,,,02 7024643,362.00,121-807,서울특별시 마포구 노고산동 106-48,서울특별시 마포구 서강로20길 26 (노고산동),04109,시크릿가든,2021-08-18 17:57:27,U,2021-08-20 02:40:00.0,여관업,194308.457505554,450111.697147108,여관업,5,1,1,5,0,0,4,18,,,,,,,,,0,0,,,N
3130000,3130000-201-1988-00154,1988-12-08,,01,영업/정상,01,영업,,,,,02 7199521,391.00,121-807,서울특별시 마포구 노고산동 106-10,서울특별시 마포구 서강로20길 12 (노고산동),04109,넘버25신촌점,2023-10-29 09:41:45,U,2023-10-31 02:40:00.0,여관업,194301.519288801,450183.225570249,여관업,5,1,0,5,0,0,4,23,,,,,,,,,0,0,,,N
3130000,3130000-201-1988-00155,1988-12-16,,03,폐업,02,폐업,2022-12-07,,,,02 7157722,558.00,121-807,서울특별시 마포구 노고산동 106-69,서울특별시 마포구 서강로18길 19 (노고산동),04109,아이다호텔(AIDA),2022-12-07 17:52:04,U,2022-12-09 02:40:00.0,여관업,194278.493213564,450095.191481756,여관업,4,1,0,4,0,0,6,24,,,,,,,,,0,0,,,N
3130000,3130000-201-1989-00001,1989-08-16,,03,폐업,02,폐업,2011-11-22,,,,0207148398,558.00,121-807,서울특별시 마포구 노고산동 107-62번지,,,셋강,2002-06-04 00:00:00,I,2018-08-31 23:59:59.0,여관업,194354.163915664,450028.586489843,여관업,4,0,4,0,0,0,2,22,,,,,,,,,0,0,,,N
3130000,3130000-201-1989-00002,1989-11-08,,03,폐업,02,폐업,2018-02-21,,,,02 7119173,395.00,121-807,서울특별시 마포구 노고산동 106-68번지,서울특별시 마포구 서강로18길 23 (노고산동),04109,오빠호스텔,2018-02-21 11:05:04,I,2018-08-31 23:59:59.0,여관업,194284.529190466,450083.740889795,여관업,4,1,0,4,0,0,4,19,,,,,,,,,0,0,,,N
3130000,3130000-201-1989-00003,1989-11-14,,03,폐업,02,폐업,2022-06-10,,,,02 7138679,771.89,121-807,서울특별시 마포구 노고산동 106-24,서울특별시 마포구 백범로2길 19 (노고산동),04109,리치호텔,2022-06-10 16:29:18,U,2022-06-12 02:40:00.0,여관업,194275.511148378,450171.928845125,여관업,0,0,0,0,0,0,2,21,,,,,,,임대,,0,0,,,N
3130000,3130000-201-1989-00004,1989-11-23,,03,폐업,02,폐업,2009-03-02,,,,0207039757,311.00,121-807,서울특별시 마포구 노고산동 106-29번지,,,동궁파크,2002-06-05 00:00:00,I,2018-08-31 23:59:59.0,여관업,194284.96596818,450130.873508815,여관업,5,1,5,0,0,0,5,21,,,,,,,,,0,0,,,N
3130000,3130000-201-1989-00005,1989-12-22,,03,폐업,02,폐업,2012-01-12,,,,0207165777,664.00,121-807,서울특별시 마포구 노고산동 106-31번지,,,모텔 프라하,2012-01-12 15:41:00,I,2018-08-31 23:59:59.0,여관업,194272.459522929,450121.666605174,여관업,5,1,5,0,0,0,4,24,,,,,,,,,0,0,,,N
3130000,3130000-201-1990-00070,1990-01-25,,03,폐업,02,폐업,2022-11-01,,,,02703 8801,390.89,121-807,서울특별시 마포구 노고산동 106-62,서울특별시 마포구 백범로4길 14 (노고산동),04109,호텔엠,2022-11-01 09:13:43,U,2022-11-03 02:40:00.0,여관업,194300.572672562,450062.820919415,여관업,0,0,0,0,0,0,3,16,,,,,,,,,0,0,,,N
3130000,3130000-201-1990-00071,1990-10-23,,01,영업/정상,01,영업,,,,,02 7030085,384.85,121-807,서울특별시 마포구 노고산동 109-80,서울특별시 마포구 서강로18길 16 (노고산동),04109,라세느,2023-10-29 09:42:49,U,2023-10-31 02:40:00.0,여관업,194246.259437148,450106.15865717,여관업,0,0,0,0,0,0,2,17,,,,,,,,,0,0,,,N
3130000,3130000-201-1990-00072,1990-01-05,,03,폐업,02,폐업,2023-01-01,,,,02 7186886,546.00,121-807,서울특별시 마포구 노고산동 106-77,서울특별시 마포구 백범로4길 16 (노고산동),04109,호텔고구마,2023-01-02 13:26:58,U,2023-01-04 02:40:00.0,여관업,194297.625770846,450049.581658584,여관업,6,1,0,5,0,0,3,24,,,,,,,,,0,0,,,N
3130000,3130000-201-1991-00072,1991-03-22,,01,영업/정상,01,영업,,,,,02 7162201,441.80,121-807,서울특별시 마포구 노고산동 106-54,서울특별시 마포구 서강로20길 30 (노고산동),04109,루디(Ludi),2023-10-29 09:43:58,U,2023-10-31 02:40:00.0,여관업,194309.290699042,450096.811452873,여관업,0,0,0,0,0,0,4,15,,,,,,,,,0,0,,,N
3130000,3130000-201-1992-00001,1992-11-12,,01,영업/정상,01,영업,,,,,02 7131437,228.00,121-807,서울특별시 마포구 노고산동 106-41,서울특별시 마포구 서강로18길 13 (노고산동),04109,호텔서강스테이,2023-10-29 09:44:45,U,2023-10-31 02:40:00.0,여관업,194257.425691293,450135.075629951,여관업,5,1,5,0,0,0,0,20,,,,,,,,,0,0,,,N
3130000,3130000-201-1993-00073,1993-08-12,,03,폐업,02,폐업,2003-02-20,,,,0207154888,430.00,121-807,서울특별시 마포구 노고산동 107-36번지,,,신촌여관,2003-04-21 00:00:00,I,2018-08-31 23:59:59.0,여관업,194342.406105145,450156.370044103,여관업,0,0,0,0,0,0,13,6,,,,,,,,,0,0,,,N
3130000,3130000-201-1995-00153,1995-11-23,,01,영업/정상,01,영업,,,,,02 7180230,261.00,121-807,서울특별시 마포구 노고산동 106-76,서울특별시 마포구 서강로18길 29 (노고산동),04109,성도장여관,2023-10-29 09:45:25,U,2023-10-31 02:40:00.0,여관업,194288.312492637,450058.18749814,여관업,0,0,0,0,0,0,0,16,,,,,,,,,0,0,,,N
3130000,3130000-201-1995-00154,1995-07-28,,01,영업/정상,01,영업,,,,,02 7170722,671.00,121-807,서울특별시 마포구 노고산동 106-25,서울특별시 마포구 백범로2길 21 (노고산동),04109,피터캣,2023-11-29 16:50:29,U,2023-12-02 02:40:00.0,일반호텔,194260.752177965,450168.999220511,일반호텔,6,1,5,0,0,0,2,25,,,,,,,,,0,0,,,N
3130000,3130000-201-1996-00001,1996-12-26,,03,폐업,02,폐업,2022-07-21,,,,,662.00,121-807,서울특별시 마포구 노고산동 106-58,서울특별시 마포구 서강로20길 26-8 (노고산동),04109,한림아카데미텔,2022-07-21 10:55:41,U,2022-07-23 02:40:00.0,여관업,194291.670626893,450102.524324147,여관업,6,1,0,6,0,0,2,23,,,,,,,,,0,0,,,N
3130000,3130000-201-1997-00074,1997-07-25,,03,폐업,02,폐업,2014-07-01,,,,02 3325781,480.38,121-807,서울특별시 마포구 노고산동 57-22번지,서울특별시 마포구 신촌로18길 15 (노고산동),04058,한강,2011-08-31 14:08:39,I,2018-08-31 23:59:59.0,여관업,194192.760059203,450287.142596991,여관업,0,0,0,0,0,0,3,11,,,,,,,,,0,0,,,N
3130000,3130000-201-1997-00075,1997-10-13,,01,영업/정상,01,영업,,,,,02 3330072,567.28,121-885,서울특별시 마포구 합정동 382-21,서울특별시 마포구 양화로 11 (합정동),04027,남경장호텔,2025-03-16 16:17:48,U,2025-03-18 02:40:00.0,일반호텔,191989.904194786,449617.872181395,일반호텔,5,1,5,0,1,0,3,39,,,,,,,,,0,0,,,N
3130000,3130000-201-1998-00075,1998-02-18,,03,폐업,02,폐업,2006-07-11,,,,02 7172319,286.48,121-852,서울특별시 마포구 신공덕동 63-5번지,,,삼화여관,2003-03-12 00:00:00,I,2018-08-31 23:59:59.0,여관업,,,여관업,0,0,0,0,0,0,2,11,,,,,,,,,0,0,,,N
3130000,3130000-201-1999-00154,1999-04-30,,03,폐업,02,폐업,2020-12-31,,,,02 7178104,641.59,121-807,서울특별시 마포구 노고산동 109-91,서울특별시 마포구 백범로2길 35 (노고산동),04109,공감 신촌,2020-12-31 10:40:45,U,2021-01-02 02:40:00.0,여관업,194204.808648691,450125.79329858,여관업,0,0,0,0,0,0,9,4,,,,,,,,,0,0,,,N
3130000,3130000-201-1999-00157,1999-07-28,,03,폐업,02,폐업,2004-03-26,,,,02 7165858,148.25,121-807,서울특별시 마포구 노고산동 106-90번지,,,목화장여관,2004-03-26 00:00:00,I,2018-08-31 23:59:59.0,여관업,194252.449723335,450188.516357217,여관업,0,0,0,0,0,0,6,10,,,,,,,,,0,0,,,N
3130000,3130000-201-1999-00158,1999-05-07,,01,영업/정상,01,영업,,,,,02 7175003,1649.00,121-807,서울특별시 마포구 노고산동 109-154,서울특별시 마포구 서강로 128 (노고산동),04100,에스호텔,2023-10-30 10:02:26,U,2023-11-01 02:40:00.0,여관업,194192.994417283,450148.819408241,여관업,9,1,1,9,0,0,0,30,,,,,,,,,0,0,,,N
3130000,3130000-201-2000-00159,2000-07-24,,03,폐업,02,폐업,2022-12-13,,,,02 3364948,645.00,121-807,서울특별시 마포구 노고산동 57-56,서울특별시 마포구 신촌로18길 15-3 (노고산동),04058,스카이모텔,2022-12-13 10:30:27,U,2022-12-15 02:40:00.0,여관업,194207.624672711,450283.373439206,여관업,5,0,5,0,0,0,0,23,,,,,,,,,0,0,,,N
3130000,3130000-201-2000-00160,2000-03-16,,03,폐업,02,폐업,2004-04-28,,,,0207132489,0.00,121-807,서울특별시 마포구 노고산동 107-17번지,,,힐하우스,2004-06-21 00:00:00,I,2018-08-31 23:59:59.0,여관업,194343.471516512,450203.900484327,여관업,0,0,0,0,0,0,0,14,,,,,,,,,0,0,,,N
3130000,3130000-201-2001-00001,2001-09-07,,03,폐업,02,폐업,2025-05-01,,,,02 7125081,1663.87,121-807,서울특별시 마포구 노고산동 109-62,서울특별시 마포구 서강로18길 8 (노고산동),04109,메이저호텔,2025-10-15 11:49:10,U,2025-10-17 02:40:00.0,여관업,194221.213451672,450138.046512471,여관업,8,1,8,0,0,0,0,55,,,,,,,,,0,0,,,N
3130000,3130000-201-2001-00002,2001-12-03,,01,영업/정상,01,영업,,,,,02 7069110,520.72,121-807,서울특별시 마포구 노고산동 107-21,서울특별시 마포구 서강로20길 9 (노고산동),04100,어반슬로우(URBANSLOW),2024-04-19 09:03:17,U,2024-04-21 02:40:00.0,일반호텔,194318.769055642,450204.898135447,일반호텔,0,0,0,0,0,0,0,19,,,,,,,,,0,0,,,N
3130000,3130000-201-2002-00001,2002-12-16,,03,폐업,02,폐업,2009-01-22,,,,02 3125049,0.00,121-859,서울특별시 마포구 아현동 336-17번지,,,인터넷모텔,2005-08-22 00:00:00,I,2018-08-31 23:59:59.0,여관업,,,여관업,0,0,0,0,0,0,0,12,,,,,,,,,0,0,,,N
3130000,3130000-201-2005-00001,2005-06-10,,03,폐업,02,폐업,2021-02-09,,,,02 7191006,1929.49,121-807,서울특별시 마포구 노고산동 106-9,서울특별시 마포구 백범로2길 15 (노고산동),04109,AT noon 호텔,2021-02-09 11:03:27,U,2021-02-11 02:40:00.0,일반호텔,194286.134516333,450187.756009093,일반호텔,7,2,1,7,1,2,0,35,,,,,,,자가,,0,0,,,N
3130000,3130000-201-2005-00002,2005-07-13,,01,영업/정상,01,영업,,,,,02 3380018,1853.61,121-885,서울특별시 마포구 합정동 382-17,서울특별시 마포구 양화로 15 (합정동),04027,써클호텔,2023-10-30 10:04:41,U,2023-11-01 02:40:00.0,관광호텔,192044.052062349,449625.190175398,관광호텔,9,3,1,9,1,3,0,40,,,,,,,자가,,0,0,,,N
3130000,3130000-201-2007-00001,2007-08-20,,01,영업/정상,01,영업,,,,,02 3340055,3185.06,121-885,서울특별시 마포구 합정동 382-19,서울특별시 마포구 양화로1길 7 (합정동),04027,남경호텔,2023-10-30 10:05:22,U,2023-11-01 02:40:00.0,일반호텔,192016.016014122,449644.951325864,일반호텔,9,1,1,9,1,1,0,65,,,,,,,자가,,0,0,,,N
3130000,3130000-201-2009-00001,2009-02-23,,01,영업/정상,01,영업,,,,,0260091000,13588.90,121-805,서울특별시 마포구 공덕동 467,서울특별시 마포구 마포대로 109 (공덕동),04146,(주)호텔롯데롯데시티호텔마포,2025-02-25 11:18:33,U,2025-02-27 02:40:00.0,관광호텔,195564.375757848,449186.933273231,관광호텔,40,8,4,8,0,0,2,282,,,,,,,,,0,0,,,N
3130000,3130000-201-2009-00002,2009-11-06,,01,영업/정상,01,영업,,,,,02 7113339,4932.84,121-807,"서울특별시 마포구 노고산동 106-15 외9필지(106-12,13,14,16,27,28,29,34,78)","서울특별시 마포구 서강로20길 20 (노고산동,외9필지(106-12,13,14,16,27,28,29,34,78))",04109,라뉘호텔,2023-10-30 10:07:02,U,2023-11-01 02:40:00.0,일반호텔,194294.852393871,450137.980065553,일반호텔,10,2,2,10,0,0,0,98,,,,,,,,,0,0,,,N
3130000,3130000-201-2011-00001,2011-01-07,,01,영업/정상,01,영업,,,,,02 7199060,970.55,121-807,서울특별시 마포구 노고산동 106-91,서울특별시 마포구 서강로 134 (노고산동),04100,위드,2023-10-30 10:08:02,U,2023-11-01 02:40:00.0,여관업,194236.165651494,450181.510179824,여관업,10,0,2,10,0,0,0,25,,,,,,,,,0,0,,,N
3130000,3130000-201-2011-00002,2011-05-30,,01,영업/정상,01,영업,,,,,0232751053,1251.30,121-807,서울특별시 마포구 노고산동 106-46,서울특별시 마포구 서강로20길 24 (노고산동),04109,와이(Y)호텔,2023-10-30 10:08:42,U,2023-11-01 02:40:00.0,일반호텔,194307.438476274,450127.253429119,일반호텔,10,2,1,10,0,0,0,41,,,,,,,,,0,0,,,N
3130000,3130000-201-2011-00003,2011-10-05,,01,영업/정상,01,영업,,,,,0260160213,9200.00,121-835,서울특별시 마포구 상암동 1587,서울특별시 마포구 월드컵북로58길 15 (상암동),03922,스탠포드호텔서울,2025-08-27 18:20:28,U,2025-08-29 02:40:00.0,관광호텔,189919.550051873,453342.222208599,관광호텔,12,5,1,12,1,1,0,239,,,,,,,,,0,0,,,N
3130000,3130000-201-2012-00001,2012-05-25,,03,폐업,02,폐업,2023-01-04,,,,,705.33,121-807,서울특별시 마포구 노고산동 106-31,서울특별시 마포구 서강로20길 20-10 (노고산동),04109,오빠호스텔(oppa),2023-01-04 13:36:18,U,2023-01-07 02:40:00.0,여관업,194272.459522929,450121.666605174,여관업,5,1,1,5,0,0,0,26,,,,,,,임대,,0,0,,,N
3130000,3130000-201-2012-00002,2012-10-10,,03,폐업,02,폐업,2012-10-22,,,,023360001,2702.40,121-843,서울특별시 마포구 성산동 52-12번지,서울특별시 마포구 월드컵북로 120 (성산동),03972,더 엠 관광호텔,2012-10-29 14:09:54,I,2018-08-31 23:59:59.0,관광호텔,192282.955607289,451304.996932629,관광호텔,10,2,2,9,0,0,0,56,,,,,,,자가,,0,0,,,N
3130000,3130000-201-2014-00001,2014-07-01,,03,폐업,02,폐업,2024-03-07,,,,02   3258236,297.00,121-807,서울특별시 마포구 노고산동 57-22,서울특별시 마포구 신촌로18길 15 (노고산동),04058,한강모텔,2024-03-07 13:19:17,U,2024-03-09 02:40:00.0,여관업,194192.760059203,450287.142596991,여관업,0,0,0,0,0,0,0,14,,,,,,,,,0,0,,,N
3130000,3130000-201-2014-00002,2014-10-29,,01,영업/정상,01,영업,,,,,02  326 5801,3868.00,121-893,서울특별시 마포구 서교동 373-9,서울특별시 마포구 양화로 86 (서교동),04043,호텔 더디자이너스 홍대,2025-02-06 14:45:08,U,2025-02-08 02:40:00.0,관광호텔,192647.075671686,449962.851191072,관광호텔,0,0,2,15,0,0,0,80,,,,,,,,,0,0,,,N
3130000,3130000-201-2014-00003,2014-11-04,,01,영업/정상,01,영업,,,,,02  22366633,377.33,121-898,서울특별시 마포구 동교동 198-30,"서울특별시 마포구 동교로 217, 2층,3층,4층층 (동교동)",03993,필로소퍼,2026-03-27 13:32:03,U,2026-03-29 02:40:00.0,관광호텔,193173.291498782,450805.577656258,관광호텔,4,1,2,0,4,0,0,8,,,,,,,,,0,0,,,N
3130000,3130000-201-2014-00004,2014-11-06,,03,폐업,02,폐업,2022-06-30,,,,02  322 3578,13852.00,121-893,서울특별시 마포구 서교동 371-10,"서울특별시 마포구 양화로 112, 2층~11층층 (서교동)",04038,메리골드호텔,2022-06-30 11:30:04,U,2022-07-02 02:40:00.0,관광호텔,192839.116937246,450119.061832193,관광호텔,0,0,2,11,0,0,0,186,,,,,,,,,0,0,,,N
3130000,3130000-201-2014-00005,2014-12-10,,01,영업/정상,01,영업,,,,,02 3322333,1255.70,121-838,서울특별시 마포구 서교동 351-29,서울특별시 마포구 동교로 162-7 (서교동),04031,아늑호텔,2023-10-31 08:56:57,U,2023-11-02 02:40:00.0,관광호텔,192893.333078404,450367.063858996,관광호텔,0,0,0,0,0,0,0,38,,,,,,,,,0,0,,,N
3130000,3130000-201-2015-00001,2015-08-31,,01,영업/정상,01,영업,,,,,02  69799000,8582.00,121-815,서울특별시 마포구 도화동 570,"서울특별시 마포구 마포대로 83 (도화동, 신라스테이마포 )",04156,신라스테이 마포,2022-03-30 11:00:49,U,2022-04-01 02:40:00.0,관광호텔,195484.919869451,448958.582313523,관광호텔,24,4,1,24,0,0,0,383,,,,,,,,,0,0,,,N
3130000,3130000-201-2017-00001,2017-06-15,,01,영업/정상,01,영업,,,,,02  31418800,3784.07,121-838,서울특별시 마포구 서교동 354-10,서울특별시 마포구 홍익로5길 32 (서교동),04038,나인브릭(9BRICK),2023-10-31 08:58:20,U,2023-11-02 02:40:00.0,관광호텔,192911.642624498,450171.317352359,관광호텔,0,0,0,0,0,0,0,94,,,,,,,,,0,0,,,N
3130000,3130000-201-2017-00002,2017-06-30,,01,영업/정상,01,영업,,,,,02  702 4577,2772.00,121-806,서울특별시 마포구 노고산동 1-74,서울특별시 마포구 신촌로 152 (노고산동),04104,에이치에비뉴 호텔 이대점,2024-01-11 18:52:34,U,2024-01-13 02:40:00.0,관광호텔,194856.148175113,450442.424814188,관광호텔,13,2,0,0,0,0,0,94,,,,,,,,,0,0,,,N
3130000,3130000-201-2018-00001,2018-01-02,,01,영업/정상,01,영업,,,,,02  22891000,13287.64,121-898,서울특별시 마포구 동교동 160-5,서울특별시 마포구 양화로 141 (동교동),03995,(주)호텔롯데 L7 홍대,2025-02-25 11:13:29,U,2025-02-27 02:40:00.0,관광호텔,193005.883365365,450387.023230304,관광호텔,0,0,1,18,0,0,0,340,,,,,,,,,0,0,,,N
3130000,3130000-201-2018-00002,2018-01-18,,01,영업/정상,01,영업,,,,,02  37048654,18808.00,121-812,서울특별시 마포구 도화동 25-13 효성해링턴 스퀘어 8~24층,"서울특별시 마포구 마포대로 92, 효성해링턴 스퀘어 8~24층 (도화동)",04168,글래드호텔 마포,2026-01-16 15:44:07,U,2026-01-18 02:40:00.0,관광호텔,195616.580723896,448973.867131637,관광호텔,0,0,8,24,0,0,0,378,,,,,,,,,0,0,,,N
3130000,3130000-201-2018-00003,2018-02-05,,03,폐업,02,폐업,2022-08-01,,,,02  323 9220,672.20,121-842,서울특별시 마포구 서교동 463-1,서울특별시 마포구 동교로 142-13 (서교동),04030,NEO SEOUL,2022-08-01 16:29:25,U,2022-08-03 02:40:00.0,관광호텔,192696.777446115,450265.462973201,관광호텔,3,1,0,0,0,0,0,18,,,,,,,,,0,0,,,N
3130000,3130000-201-2018-00004,2018-02-08,,03,폐업,02,폐업,2022-01-27,,,,02  715 6000,976.40,121-140,서울특별시 마포구 신정동 98-1,서울특별시 마포구 서강로 19 (신정동),04080,케이호스텔,2022-01-27 14:18:43,U,2022-01-29 02:40:00.0,관광호텔,193739.315165771,449217.82970806,관광호텔,0,0,3,12,0,0,0,36,,,,,,,,,0,0,,,N
3130000,3130000-201-2018-00005,2018-04-23,,01,영업/정상,01,영업,,,,,02  330 7700,29233.70,121-838,서울특별시 마포구 서교동 354-5,서울특별시 마포구 양화로 130 (서교동),04038,라이즈호텔,2023-10-31 09:01:19,U,2023-11-02 02:40:00.0,관광호텔,192971.947727746,450243.232547428,관광호텔,0,0,1,20,5,1,0,274,,,,,,,,,0,0,,,N
3130000,3130000-201-2018-00006,2018-05-29,,01,영업/정상,01,영업,,,,,02  332 0061,6194.82,121-841,서울특별시 마포구 서교동 447-1 ONE&ONLY 관광호텔,"서울특별시 마포구 월드컵북로 31, ONE&ONLY 관광호텔 (서교동)",04001,아만티 호텔(Amanti Hotel),2023-10-29 09:49:22,U,2023-10-31 02:40:00.0,관광호텔,192736.935397287,450550.232656274,관광호텔,0,0,4,14,0,0,0,150,,,,,,,,,0,0,,,N
3130000,3130000-201-2018-00007,2018-08-31,,01,영업/정상,01,영업,,,,,02  768 3052,13610.51,121-899,서울특별시 마포구 동교동 190-1 애경타워 숙박시설,"서울특별시 마포구 양화로 188, 애경타워 숙박시설 (동교동)",04051,홀리데이 인 익스프레스 서울 홍대,2025-08-12 18:17:26,U,2025-08-14 02:40:00.0,관광호텔,193285.549735897,450808.571641119,관광호텔,0,0,7,16,0,0,0,294,,,,,,,,,0,0,,,N
3130000,3130000-201-2018-00008,2018-09-03,,01,영업/정상,01,영업,,,,,02  323 8811,600.69,121-816,서울특별시 마포구 동교동 113-96,서울특별시 마포구 연희로 27 (동교동),03985,클레오,2021-11-25 11:07:17,U,2021-11-27 02:40:00.0,관광호텔,193449.985027039,451015.020894903,관광호텔,0,0,1,7,1,1,0,24,,,,,,,,,0,0,,,N
3130000,3130000-201-2018-00009,2018-09-12,,03,폐업,02,폐업,2022-12-08,,,,02  713 8898,480.16,121-807,서울특별시 마포구 노고산동 106-68,서울특별시 마포구 서강로18길 23 (노고산동),04109,골드스테이,2022-12-08 13:04:29,U,2022-12-10 02:40:00.0,여관업,194284.529190466,450083.740889795,여관업,0,0,1,5,1,1,0,16,,,,,,,,,0,0,,,N
3130000,3130000-201-2020-00001,2020-01-23,,03,폐업,02,폐업,2021-12-28,,,,02   3369000,3828.39,121-821,서울특별시 마포구 망원동 397-2 샤이닝글로리하우스,"서울특별시 마포구 희우정로 90, 샤이닝글로리하우스 (망원동)",04015,샤이닝글로리하우스,2021-12-28 15:52:38,U,2021-12-30 02:40:00.0,관광호텔,191352.474870905,450172.065593512,관광호텔,0,0,0,0,0,0,0,69,,,,,,,,,0,0,,,N
3130000,3130000-201-2020-00002,2020-06-24,,01,영업/정상,01,영업,,,,,02  37741050,13101.99,121-817,서울특별시 마포구 동교동 162-5 MERCURE 앰배서더 HOTEL 홍대,"서울특별시 마포구 양화로 144, MERCURE 앰배서더 HOTEL 홍대 (동교동)",04050,머큐어 앰배서더 홍대,2023-12-07 16:13:50,U,2023-12-09 02:40:00.0,관광호텔,193073.64466155,450341.82321403,관광호텔,18,6,1,18,6,1,0,270,,,,,,,임대,,0,0,,,N
3130000,3130000-201-2021-00001,2021-11-25,,01,영업/정상,01,영업,,,,,02  332 7771,6173.93,121-885,서울특별시 마포구 합정동 379-4 주니비노 호텔,"서울특별시 마포구 양화진2길 31, 주니비노 호텔 (합정동)",04084,주니비노호텔,2023-10-29 09:52:09,U,2023-10-31 02:40:00.0,관광호텔,192043.507297118,449524.361048163,관광호텔,12,2,3,11,0,0,0,68,,,,,,,자가,,0,0,,,N
3130000,3130000-201-2021-00002,2021-12-23,,01,영업/정상,01,영업,,,,,02  37020300,20616.76,121-815,서울특별시 마포구 도화동 573,서울특별시 마포구 마포대로 67 (도화동),04157,로이넷호텔 서울 마포,2022-12-21 15:33:21,U,2022-12-23 02:40:00.0,관광호텔,195359.808050656,448841.031803244,관광호텔,24,4,3,24,0,0,0,341,,,,,,,임대,,0,0,,,N
3130000,3130000-201-2022-00001,2022-09-30,,01,영업/정상,01,영업,,,,,0264101000,27340.92,121-050,서울특별시 마포구 마포동 450 나루,"서울특별시 마포구 마포대로 8, 나루 (마포동)",04176,호텔나루,2023-10-29 09:53:20,U,2023-10-31 02:40:00.0,관광호텔,195002.716187445,448331.067134872,관광호텔,24,3,0,0,0,0,0,196,,,,,,,,,0,0,,,N
3130000,3130000-201-2023-00001,2023-07-07,,01,영업/정상,01,영업,,,,,02 322 8601,13942.06,121-842,서울특별시 마포구 서교동 460-25 공유복합시설 로컬스티치(서교동),서울특별시 마포구 월드컵북로5길 41 (서교동),04002,크리에이터타운 서교(creatortown seogyo),2025-07-16 18:25:08,U,2025-07-18 02:40:00.0,관광호텔,192579.727675563,450446.890829184,관광호텔,7,2,0,0,0,0,0,296,,,,,,,임대,,0,0,,,Y
3130000,3130000-201-2023-00002,2023-11-16,,01,영업/정상,01,영업,,,,,,819.42,121-807,서울특별시 마포구 노고산동 106-58 전체동,"서울특별시 마포구 서강로20길 26-8, 전체동동 (노고산동)",04109,G-House 신촌01,2023-11-16 15:36:23,I,2023-11-18 00:17:17.0,여관업,194291.670626893,450102.524324147,여관업,6,1,0,0,0,0,0,24,,,,,,,임대,,0,0,,,N
3130000,3130000-201-2023-00003,2023-11-16,,01,영업/정상,01,영업,,,,,,480.16,121-807,서울특별시 마포구 노고산동 106-68 전체동,"서울특별시 마포구 서강로18길 23, 전체동 (노고산동)",04109,G-House 신촌02,2023-11-16 16:06:30,I,2023-11-18 00:17:17.0,여관업,194284.529190466,450083.740889795,여관업,5,1,0,0,0,0,0,17,,,,,,,임대,,0,0,,,N
3130000,3130000-201-2023-00004,2023-11-23,,01,영업/정상,01,영업,,,,,,722.02,121-807,서울특별시 마포구 노고산동 106-77 전체동,"서울특별시 마포구 백범로4길 16, 전체동 (노고산동)",04109,골든힐(Golden Hill),2023-12-14 11:12:09,U,2023-12-16 02:40:00.0,여관업,194297.625770846,450049.581658584,여관업,0,0,0,0,0,0,0,27,,,,,,,,,0,0,,,N
3130000,3130000-201-2023-00005,2023-11-24,,01,영업/정상,01,영업,,,,,,819.42,121-807,서울특별시 마포구 노고산동 106-62 2층~6층,"서울특별시 마포구 백범로4길 14, 2~6층 (노고산동)",04109,그랜드(Grand),2025-10-01 14:21:28,U,2025-10-05 02:40:00.0,여관업,194300.572672562,450062.820919415,여관업,0,0,0,0,0,0,0,24,,,,,,,,,0,0,,,N
3130000,3130000-201-2026-00001,2026-01-16,,01,영업/정상,01,영업,,,,,,657.67,121-807,서울특별시 마포구 노고산동 106-48,서울특별시 마포구 서강로20길 26 (노고산동),04109,지 하우스 글로벌(G House Global),2026-02-04 13:46:12,U,2026-02-07 02:40:00.0,일반호텔,194308.457505554,450111.697147108,일반호텔,5,1,0,0,0,0,0,24,,,,,,,임대,,0,0,,,N
3130000,3130000-201-2026-00002,2026-01-16,,01,영업/정상,01,영업,,,,,,849.70,121-807,서울특별시 마포구 노고산동 106-69 1-5층,"서울특별시 마포구 서강로18길 19, 1-5층 (노고산동)",04109,지 스테이(G Stay),2026-01-16 11:38:34,I,2026-01-18 00:20:02.0,일반호텔,194278.493213564,450095.191481756,일반호텔,5,1,5,1,0,0,0,29,,,,,,,임대,,0,0,,,N
3130000,3130000-201-2026-00003,2026-02-03,,01,영업/정상,01,영업,,,,,,501.00,121-807,서울특별시 마포구 노고산동 57-39 신촌병우빌딩,"서울특별시 마포구 서강로 133, 신촌병우빌딩 5,7층 (노고산동)",04058,스테이플랜비,2026-02-05 09:08:57,I,2026-02-07 00:20:02.0,숙박업 기타,194209.190531122,450239.854658343,숙박업 기타,0,0,0,0,0,0,0,14,,,,,,,,,0,0,,,N
3130000,3130000-201-2026-00004,2026-02-04,,01,영업/정상,01,영업,,,,,,341.40,121-807,서울특별시 마포구 노고산동 106-7 BS타워,"서울특별시 마포구 서강로 132, BS타워 4,7층 (노고산동)",04100,더집서울,2026-02-05 09:07:07,I,2026-02-07 00:20:02.0,관광호텔,194225.490221946,450179.109724203,관광호텔,47,0,0,0,0,0,0,0,,,,,,,,,0,0,,,N
3130000,3130000-201-2026-00005,2026-03-11,,01,영업/정상,01,영업,,,,,,193.19,121-807,서울특별시 마포구 노고산동 57-38 JK빌딩,"서울특별시 마포구 서강로 135, JK빌딩 2층 (노고산동)",04058,신촌 스테이,2026-03-27 13:34:04,U,2026-03-29 02:40:00.0,관광호텔,194224.210759149,450250.907145243,관광호텔,2,0,0,0,0,0,0,0,,,,,,,,,0,0,,,N
3130000,3130000-201-2026-00006,2026-03-24,,01,영업/정상,01,영업,,,,,,490.05,121-893,서울특별시 마포구 서교동 373-2,"서울특별시 마포구 잔다리로 49, 1~5층 (서교동)",04043,코스모하버 홍대,2026-03-24 11:10:13,I,2026-03-26 00:20:02.0,숙박업 기타,192721.261485839,450003.219247786,숙박업 기타,0,0,0,0,0,0,0,0,,,,,,,,,0,0,,,N
3130000,3130000-214-1984-00001,1984-12-29,,01,영업/정상,01,영업,,,,,02 3340900,435.00,121-807,서울특별시 마포구 노고산동 57-20,서울특별시 마포구 신촌로18길 9 (노고산동),04058,24게스트하우스신촌,2023-10-29 09:54:41,U,2023-10-31 02:40:00.0,숙박업(생활),194203.765090868,450307.60481142,숙박업(생활),0,0,3,5,0,0,0,31,,,,,,,,,0,0,,,N
3130000,3130000-214-2011-00001,2011-12-06,,03,폐업,02,폐업,2018-03-23,,,,0262204000,2756.80,121-807,서울특별시 마포구 노고산동 57-26번지,서울특별시 마포구 서강로 137 (노고산동),04058,까사빌신촌서울,2018-03-23 14:10:53,I,2018-08-31 23:59:59.0,숙박업(생활),194237.345664459,450263.50766141,숙박업(생활),15,5,8,14,0,0,0,103,,,,,,,,,0,0,,,N
3130000,3130000-214-2014-00001,2014-10-24,,03,폐업,02,폐업,2022-12-06,,,,02 3360001,1217.00,121-843,서울특별시 마포구 성산동 52-12 1층,"서울특별시 마포구 월드컵북로 120, 1층 (성산동)",03972,더엠호텔,2022-12-06 11:48:36,U,2022-12-08 02:40:00.0,숙박업(생활),192282.955607289,451304.996932629,숙박업(생활),0,0,2,9,0,0,0,56,,,,,,,,,0,0,,,N
3130000,3130000-214-2017-00001,2017-06-21,,01,영업/정상,01,영업,,,,,02  31428889,992.59,121-816,서울특별시 마포구 동교동 155-30,서울특별시 마포구 양화로 177-1 (동교동),03994,나비 호스텔,2023-10-29 09:55:35,U,2023-10-31 02:40:00.0,숙박업(생활),193279.38663668,450637.276776739,숙박업(생활),0,0,0,0,0,0,0,26,,,,,,,,,0,0,,,N
3130000,3130000-214-2018-00001,2018-01-31,,03,폐업,02,폐업,2020-09-29,,,,050714026857,64.73,121-822,서울특별시 마포구 망원동 405-27,서울특별시 마포구 희우정로16길 31 (망원동),04008,Alveolus(앨비어러스),2020-10-30 14:47:23,U,2020-11-01 02:40:00.0,숙박업(생활),191415.339342271,450275.024623503,숙박업(생활),0,0,1,1,0,0,0,1,,,,,,,,,0,0,,,N
3130000,3130000-214-2022-00001,2022-12-27,,01,영업/정상,01,영업,,,,,02  777 5621,1966.38,121-807,서울특별시 마포구 노고산동 57-26 신촌센트럴코업레지던스 3~14층,"서울특별시 마포구 서강로 137, 신촌센트럴코업레지던스 3~14층 (노고산동)",04058,브라운스위트 신촌 센트럴,2026-01-18 18:29:20,U,2026-01-20 02:40:00.0,숙박업(생활),194237.345664459,450263.50766141,숙박업(생활),15,5,3,14,0,0,0,46,,,,,,,임대,,0,0,,,N
3130000,3130000-214-2025-00001,2025-04-22,,01,영업/정상,01,영업,,,,,,456.77,121-898,서울특별시 마포구 동교동 161-10 2-5층,"서울특별시 마포구 월드컵북로2길 19, 2-5층 (동교동)",03995,스테이 더 이룸(Stay the eeroom),2025-04-23 22:05:12,U,2025-04-26 02:40:00.0,숙박업(생활),193031.771142009,450456.462818787,숙박업(생활),12,2,2,5,0,0,0,7,,,,,,,임대,,0,0,,,N
3130000,3130000-214-2025-00002,2025-06-18,,01,영업/정상,01,영업,,,,,,77.49,121-200,"서울특별시 마포구 동교동 175-2 , 2층","서울특별시 마포구 신촌로4길 10, 2층 (동교동)",04056,비아르떼,2025-06-30 15:04:07,U,2025-07-02 02:40:00.0,숙박업(생활),193599.722243995,450582.835698566,숙박업(생활),2,1,2,2,0,0,0,2,,,,,,,임대,,0,0,,,N
3130000,3130000-214-2025-00003,2025-07-29,,01,영업/정상,01,영업,,,,,,242.93,121-210,"서울특별시 마포구 서교동 354-12 , 5층","서울특별시 마포구 양화로 118, 5층 (서교동)",04038,슬로우온 호스텔,2025-07-29 16:02:15,I,2025-07-31 00:20:02.0,숙박업(생활),192880.563694394,450175.878676492,숙박업(생활),5,1,5,5,0,0,0,15,,,,,,,임대,,0,0,,,N
3130000,3130000-214-2025-00004,2025-09-03,,01,영업/정상,01,영업,,,,,,196.00,121-210,"서울특별시 마포구 서교동 354-19 , 3층","서울특별시 마포구 양화로 124, 3층 (서교동)",04038,더 센트럴 홍대,2025-09-03 15:28:09,I,2025-09-05 00:20:02.0,숙박업(생활),192937.426138742,450226.210530626,숙박업(생활),0,0,3,3,0,0,0,9,,,,,,,임대,,0,0,,,N
3130000,3130000-214-2025-00005,2025-09-09,,01,영업/정상,01,영업,,,,,,135.71,121-100,"서울특별시 마포구 노고산동 54-92 , 2층","서울특별시 마포구 신촌로12나길 32, 2층 (노고산동)",04057,코코스테이,2025-09-09 10:33:42,I,2025-09-11 00:20:02.0,숙박업(생활),194121.619460487,450289.132332369,숙박업(생활),0,0,2,2,0,0,0,7,,,,,,,임대,,0,0,,,N
3130000,3130000-214-2025-00006,2025-10-21,,01,영업/정상,01,영업,,,,,,57.23,121-200,"서울특별시 마포구 동교동 179-27 , 1층","서울특별시 마포구 신촌로4길 5-5, 1층 (동교동)",04056,비아르떼 서울,2025-10-21 13:45:13,I,2025-10-23 00:20:17.0,숙박업(생활),193644.058184763,450596.886231733,숙박업(생활),4,0,1,1,0,0,0,2,,,,,,,임대,,0,0,,,N
3130000,3130000-214-2025-00007,2025-12-17,,01,영업/정상,01,영업,,,,,,145.96,121-100,"서울특별시 마포구 노고산동 107-29 , 2층","서울특별시 마포구 서강로20길 11, 2층 (노고산동)",04100,골든(Golden) 신촌홍대점,2025-12-17 10:06:58,I,2025-12-19 00:20:11.0,숙박업(생활),194320.816094842,450185.405671283,숙박업(생활),5,0,2,2,0,0,0,10,,,,,,,임대,,0,0,,,N
3130000,3130000-214-2026-00001,2026-01-05,,01,영업/정상,01,영업,,,,,,170.70,121-807,"서울특별시 마포구 노고산동 106-7 BS타워, 13층","서울특별시 마포구 서강로 132, BS타워 13층 (노고산동)",04100,로프트13,2026-01-05 15:26:02,I,2026-01-07 00:20:36.0,숙박업(생활),194225.490221946,450179.109724203,숙박업(생활),0,0,13,13,0,0,0,7,,,,,,,임대,,0,0,,,N
