그리드ID,건물ID,구,법정동코드,법정동명,주소,지번,연면적_m2,건축면적_m2,지상층수,지하층수,총층수,보정분자,보정사유
G50K_R0061_C0053,0000191008914499898200000000,마포구,1144012300,망원동,서울특별시 마포구 망원동,205-4,0.0,0.0,1.0,0.0,1,0.0,연면적_건축면적_0
G50K_R0061_C0053,0000191041964499586700000000,마포구,1144012300,망원동,서울특별시 마포구 망원동,205-4,0.0,0.0,1.0,0.0,1,0.0,연면적_건축면적_0
G50K_R0061_C0053,0000191045704499552000000000,마포구,1144012300,망원동,서울특별시 마포구 망원동,205-4,0.0,0.0,1.0,0.0,1,0.0,연면적_건축면적_0
G50K_R0061_C0053,0000191049444499519700000000,마포구,1144012300,망원동,서울특별시 마포구 망원동,205-4,0.0,0.0,1.0,0.0,1,0.0,연면적_건축면적_0
G50K_R0061_C0053,0000191062674499405200000000,마포구,1144012300,망원동,서울특별시 마포구 망원동,205-4,0.0,0.0,1.0,0.0,1,0.0,연면적_건축면적_0
G50K_R0061_C0053,0000191066534499370700000000,마포구,1144012300,망원동,서울특별시 마포구 망원동,205-4,0.0,0.0,1.0,0.0,1,0.0,연면적_건축면적_0
G50K_R0061_C0053,0000191070554499335200000000,마포구,1144012300,망원동,서울특별시 마포구 망원동,205-4,0.0,0.0,1.0,0.0,1,0.0,연면적_건축면적_0
G50K_R0061_C0053,0000191111214499748600000000,마포구,1144012300,망원동,서울특별시 마포구 망원동,222-1,0.0,0.0,1.0,0.0,1,0.0,연면적_건축면적_0
G50K_R0062_C0052,0000190747954502138800000000,마포구,1144012300,망원동,서울특별시 마포구 망원동,205-4,0.0,0.0,1.0,0.0,1,0.0,연면적_건축면적_0
G50K_R0062_C0052,0000190754164502086000000000,마포구,1144012300,망원동,서울특별시 마포구 망원동,205-4,0.0,0.0,1.0,0.0,1,0.0,연면적_건축면적_0
G50K_R0062_C0052,0000190757284502111000000000,마포구,1144012300,망원동,서울특별시 마포구 망원동,205-4,0.0,0.0,1.0,0.0,1,0.0,연면적_건축면적_0
G50K_R0062_C0052,0000190769254501964400000000,마포구,1144012300,망원동,서울특별시 마포구 망원동,205-4,0.0,0.0,1.0,0.0,1,0.0,연면적_건축면적_0
G50K_R0062_C0052,0000190785684501915100000000,마포구,1144012300,망원동,서울특별시 마포구 망원동,205-4,0.0,0.0,1.0,0.0,1,0.0,연면적_건축면적_0
G50K_R0062_C0052,0000190786534502070300000000,마포구,1144012300,망원동,서울특별시 마포구 망원동,205-4,0.0,0.0,1.0,0.0,1,0.0,연면적_건축면적_0
G50K_R0062_C0052,0000190791794502063800000000,마포구,1144012300,망원동,서울특별시 마포구 망원동,205-4,0.0,0.0,1.0,0.0,1,0.0,연면적_건축면적_0
G50K_R0062_C0052,0000190796704501971900000000,마포구,1144012300,망원동,서울특별시 마포구 망원동,205-4,0.0,0.0,1.0,0.0,1,0.0,연면적_건축면적_0
G50K_R0062_C0052,0000190829864501507400000000,마포구,1144012300,망원동,서울특별시 마포구 망원동,205-4,0.0,0.0,1.0,0.0,1,0.0,연면적_건축면적_0
G50K_R0062_C0052,0000190833364501473700000000,마포구,1144012300,망원동,서울특별시 마포구 망원동,205-4,0.0,0.0,1.0,0.0,1,0.0,연면적_건축면적_0
G50K_R0062_C0052,0000190837054501438200000000,마포구,1144012300,망원동,서울특별시 마포구 망원동,205-4,0.0,0.0,1.0,0.0,1,0.0,연면적_건축면적_0
G50K_R0062_C0052,0000190840544501405200000000,마포구,1144012300,망원동,서울특별시 마포구 망원동,205-4,0.0,0.0,1.0,0.0,1,0.0,연면적_건축면적_0
G50K_R0062_C0052,0000190844384501370400000000,마포구,1144012300,망원동,서울특별시 마포구 망원동,205-4,0.0,0.0,1.0,0.0,1,0.0,연면적_건축면적_0
G50K_R0062_C0052,0000190847764501337000000000,마포구,1144012300,망원동,서울특별시 마포구 망원동,205-4,0.0,0.0,1.0,0.0,1,0.0,연면적_건축면적_0
G50K_R0062_C0052,0000190851614501301000000000,마포구,1144012300,망원동,서울특별시 마포구 망원동,205-4,0.0,0.0,1.0,0.0,1,0.0,연면적_건축면적_0
G50K_R0062_C0052,0000190855194501266500000000,마포구,1144012300,망원동,서울특별시 마포구 망원동,205-4,0.0,0.0,1.0,0.0,1,0.0,연면적_건축면적_0
G50K_R0062_C0052,0000190734454501914300000000,마포구,1144012300,망원동,서울특별시 마포구 망원동,205-8,0.0,0.0,1.0,0.0,1,0.0,연면적_건축면적_0
G50K_R0062_C0052,0000190793054501317600000000,마포구,1144012300,망원동,서울특별시 마포구 망원동,205-8,0.0,0.0,1.0,0.0,1,0.0,연면적_건축면적_0
G50K_R0071_C0051,0000190597604521065700000000,마포구,1144012500,성산동,서울특별시 마포구 성산동,661,0.0,0.0,1.0,0.0,1,0.0,연면적_건축면적_0
G50K_R0071_C0051,0000190624344520040400000000,마포구,1144012500,성산동,서울특별시 마포구 성산동,661,0.0,0.0,1.0,0.0,1,0.0,연면적_건축면적_0
G50K_R0071_C0052,0000190839444520064500000000,마포구,1144012500,성산동,서울특별시 마포구 성산동,53-27,0.0,0.0,1.0,0.0,1,0.0,연면적_건축면적_0
G50K_R0071_C0052,0000190791524521772300000000,마포구,1144012500,성산동,서울특별시 마포구 성산동,53-53,0.0,0.0,1.0,0.0,1,0.0,연면적_건축면적_0
G50K_R0071_C0052,0000190856804521821200000000,마포구,1144012500,성산동,서울특별시 마포구 성산동,664,0.0,0.0,1.0,0.0,1,0.0,연면적_건축면적_0
G50K_R0057_C0060,0000192601344489821700000000,마포구,1144011800,당인동,서울특별시 마포구 당인동,1-25,0.0,0.0,1.0,0.0,1,0.0,연면적_건축면적_0
G50K_R0058_C0057,0000192000504491734600000000,마포구,1144012200,합정동,서울특별시 마포구 합정동,352-5,0.0,0.0,1.0,0.0,1,0.0,연면적_건축면적_0
G50K_R0059_C0056,0000191687434493903900000000,마포구,1144012200,합정동,서울특별시 마포구 합정동,352-5,0.0,0.0,1.0,0.0,1,0.0,연면적_건축면적_0
G50K_R0059_C0056,0000191753774493580300000000,마포구,1144012200,합정동,서울특별시 마포구 합정동,352-5,0.0,0.0,1.0,0.0,1,0.0,연면적_건축면적_0
G50K_R0027_C0104,0000202425704422725100000000,서초구,1165010800,서초동,서울특별시 서초구 서초동,1180-4,0.0,0.0,1.0,0.0,1,0.0,연면적_건축면적_0
G50K_R0027_C0104,0000202465984422496200000000,서초구,1165010800,서초동,서울특별시 서초구 서초동,1180-8,0.0,0.0,1.0,0.0,1,0.0,연면적_건축면적_0
G50K_R0027_C0104,0000202510764422925900000000,서초구,1165010800,서초동,서울특별시 서초구 서초동,1376-1,0.0,0.0,1.0,0.0,1,0.0,연면적_건축면적_0
G50K_R0027_C0104,0000202472494422263500000000,서초구,1165010800,서초동,서울특별시 서초구 서초동,1376-13,0.0,0.0,1.0,0.0,1,0.0,연면적_건축면적_0
G50K_R0027_C0104,0000202475114422082200000000,서초구,1165010800,서초동,서울특별시 서초구 서초동,1376-13,0.0,0.0,1.0,0.0,1,0.0,연면적_건축면적_0
G50K_R0027_C0104,0000202444674422560400000000,서초구,1165010800,서초동,서울특별시 서초구 서초동,269,0.0,0.0,1.0,0.0,1,0.0,연면적_건축면적_0
G50K_R0027_C0104,0000202453844422343300000000,서초구,1165010800,서초동,서울특별시 서초구 서초동,269,0.0,0.0,1.0,0.0,1,0.0,연면적_건축면적_0
G50K_R0027_C0104,0000202454234422246600000000,서초구,1165010800,서초동,서울특별시 서초구 서초동,269,0.0,0.0,1.0,0.0,1,0.0,연면적_건축면적_0
G50K_R0027_C0104,0000202371134422800500000000,서초구,1165010800,서초동,서울특별시 서초구 서초동,367-3,0.0,0.0,1.0,0.0,1,0.0,연면적_건축면적_0
G50K_R0027_C0104,0000202376194422945500000000,서초구,1165010800,서초동,서울특별시 서초구 서초동,367-3,0.0,0.0,1.0,0.0,1,0.0,연면적_건축면적_0
G50K_R0027_C0104,0000202377154423061400000000,서초구,1165010800,서초동,서울특별시 서초구 서초동,367-3,0.0,0.0,1.0,0.0,1,0.0,연면적_건축면적_0
G50K_R0027_C0104,0000202425944422855000000000,서초구,1165010800,서초동,서울특별시 서초구 서초동,367-3,0.0,0.0,1.0,0.0,1,0.0,연면적_건축면적_0
G50K_R0027_C0104,0000202458884423657100000000,서초구,1165010800,서초동,서울특별시 서초구 서초동,367-3,0.0,0.0,1.0,0.0,1,0.0,연면적_건축면적_0
G50K_R0027_C0104,0000202462154423584600000000,서초구,1165010800,서초동,서울특별시 서초구 서초동,367-3,0.0,0.0,1.0,0.0,1,0.0,연면적_건축면적_0
G50K_R0027_C0104,0000202377034422494500000000,서초구,1165010800,서초동,서울특별시 서초구 서초동,380-1,0.0,0.0,1.0,0.0,1,0.0,연면적_건축면적_0
G50K_R0027_C0104,0000202388994422659800000000,서초구,1165010800,서초동,서울특별시 서초구 서초동,380-1,0.0,0.0,1.0,0.0,1,0.0,연면적_건축면적_0
G50K_R0009_C0114,0000204618144383287000000000,서초구,1165010400,원지동,서울특별시 서초구 원지동,335,0.0,0.0,1.0,0.0,1,0.0,연면적_건축면적_0
G50K_R0009_C0114,0000204721864382978900000000,서초구,1165010400,원지동,서울특별시 서초구 원지동,342-2,0.0,0.0,1.0,0.0,1,0.0,연면적_건축면적_0
G50K_R0009_C0114,0000204751734382162200000000,서초구,1165010400,원지동,서울특별시 서초구 원지동,345,0.0,0.0,1.0,0.0,1,0.0,연면적_건축면적_0
G50K_R0009_C0114,0000204739954382568700000000,서초구,1165010400,원지동,서울특별시 서초구 원지동,350-2,0.0,0.0,1.0,0.0,1,0.0,연면적_건축면적_0
G50K_R0057_C0110,0000203658904489601600000000,성동구,1120011400,성수동1가,서울특별시 성동구 성수동1가,685-20,0.0,0.0,1.0,0.0,1,0.0,연면적_건축면적_0
G50K_R0057_C0110,0000203662414490128400000000,성동구,1120011400,성수동1가,서울특별시 성동구 성수동1가,685-20,0.0,0.0,1.0,0.0,1,0.0,연면적_건축면적_0
G50K_R0057_C0110,0000203663774490166700000000,성동구,1120011400,성수동1가,서울특별시 성동구 성수동1가,685-20,0.0,0.0,1.0,0.0,1,0.0,연면적_건축면적_0
G50K_R0057_C0110,0000203665064490204900000000,성동구,1120011400,성수동1가,서울특별시 성동구 성수동1가,685-20,0.0,0.0,1.0,0.0,1,0.0,연면적_건축면적_0
G50K_R0057_C0110,0000203668694490312800000000,성동구,1120011400,성수동1가,서울특별시 성동구 성수동1가,685-20,0.0,0.0,1.0,0.0,1,0.0,연면적_건축면적_0
G50K_R0057_C0110,0000203670204490349800000000,성동구,1120011400,성수동1가,서울특별시 성동구 성수동1가,685-20,0.0,0.0,1.0,0.0,1,0.0,연면적_건축면적_0
G50K_R0057_C0110,0000203671664490388100000000,성동구,1120011400,성수동1가,서울특별시 성동구 성수동1가,685-20,0.0,0.0,1.0,0.0,1,0.0,연면적_건축면적_0
G50K_R0058_C0109,0000203540614493129100000000,성동구,1120011400,성수동1가,서울특별시 성동구 성수동1가,685-20,0.0,0.0,1.0,0.0,1,0.0,연면적_건축면적_0
G50K_R0058_C0109,0000203590744493147900000000,성동구,1120011400,성수동1가,서울특별시 성동구 성수동1가,685-20,0.0,0.0,1.0,0.0,1,0.0,연면적_건축면적_0
G50K_R0052_C0115,0000204975774478852600000000,성동구,1120011500,성수동2가,서울특별시 성동구 성수동2가,158-2,0.0,0.0,1.0,0.0,1,0.0,연면적_건축면적_0
G50K_R0025_C0142,0000210872024418707000000000,송파구,1171010800,문정동,서울특별시 송파구 문정동,284-1,0.0,0.0,1.0,0.0,1,0.0,연면적_건축면적_0
G50K_R0025_C0142,0000210890514418783900000000,송파구,1171010800,문정동,서울특별시 송파구 문정동,284-1,0.0,0.0,1.0,0.0,1,0.0,연면적_건축면적_0
G50K_R0025_C0142,0000210946554418409900000000,송파구,1171010800,문정동,서울특별시 송파구 문정동,535,0.0,0.0,1.0,0.0,1,0.0,연면적_건축면적_0
G50K_R0025_C0142,0000210984664417195800000000,송파구,1171010800,문정동,서울특별시 송파구 문정동,597,0.0,0.0,1.0,0.0,1,0.0,연면적_건축면적_0
G50K_R0035_C0128,1994207875034441739200000000,송파구,1171010600,삼전동,서울특별시 송파구 삼전동,53-9,0.0,0.0,1.0,0.0,1,0.0,연면적_건축면적_0
G50K_R0035_C0135,0000209238734440448000000000,송파구,1171010700,가락동,서울특별시 송파구 가락동,479,0.0,0.0,1.0,0.0,1,0.0,연면적_건축면적_0
G50K_R0035_C0135,0000209432124440912400000000,송파구,1171010700,가락동,서울특별시 송파구 가락동,479,0.0,0.0,1.0,0.0,1,0.0,연면적_건축면적_0
G50K_R0035_C0136,0000209522384441738700000000,송파구,1171010700,가락동,서울특별시 송파구 가락동,477,0.0,0.0,1.0,0.0,1,0.0,연면적_건축면적_0
G50K_R0035_C0136,0000209526864441280100000000,송파구,1171010700,가락동,서울특별시 송파구 가락동,479,0.0,0.0,1.0,0.0,1,0.0,연면적_건축면적_0
G50K_R0035_C0136,0000209531634440813400000000,송파구,1171010700,가락동,서울특별시 송파구 가락동,479,0.0,0.0,1.0,0.0,1,0.0,연면적_건축면적_0
G50K_R0035_C0136,1980209549054441063800000000,송파구,1171010700,가락동,서울특별시 송파구 가락동,479,0.0,0.0,1.0,0.0,1,0.0,연면적_건축면적_0
G50K_R0041_C0134,0000209003444455085200000000,송파구,1171010200,신천동,서울특별시 송파구 신천동,29,0.0,0.0,1.0,0.0,1,0.0,연면적_건축면적_0
G50K_R0041_C0134,0000209018414455119000000000,송파구,1171010200,신천동,서울특별시 송파구 신천동,29,0.0,0.0,1.0,0.0,1,0.0,연면적_건축면적_0
G50K_R0041_C0134,0000209022454455126700000000,송파구,1171010200,신천동,서울특별시 송파구 신천동,29,0.0,0.0,1.0,0.0,1,0.0,연면적_건축면적_0
G50K_R0046_C0046,0000189452674464637900000000,영등포구,1156013400,양평동,서울특별시 영등포구 양평동,498,0.0,0.0,1.0,0.0,1,0.0,연면적_건축면적_0
G50K_R0046_C0046,0000189508064465601400000000,영등포구,1156012600,양평동2가,서울특별시 영등포구 양평동2가,23-2,0.0,0.0,1.0,0.0,1,0.0,연면적_건축면적_0
G50K_R0046_C0046,0000189517994465980700000000,영등포구,1156012600,양평동2가,서울특별시 영등포구 양평동2가,23-2,0.0,0.0,1.0,0.0,1,0.0,연면적_건축면적_0
G50K_R0046_C0046,0000189528984465481700000000,영등포구,1156012600,양평동2가,서울특별시 영등포구 양평동2가,23-2,0.0,0.0,1.0,0.0,1,0.0,연면적_건축면적_0
G50K_R0055_C0082,0000197421694485121000000000,용산구,1117012400,한강로1가,서울특별시 용산구 한강로1가,1-1,0.0,0.0,1.0,0.0,1,0.0,연면적_건축면적_0
G50K_R0055_C0082,0000197421694485718100000000,용산구,1117012400,한강로1가,서울특별시 용산구 한강로1가,1-1,0.0,0.0,1.0,0.0,1,0.0,연면적_건축면적_0
G50K_R0055_C0082,0000197423594485993500000000,용산구,1117012400,한강로1가,서울특별시 용산구 한강로1가,1-1,0.0,0.0,1.0,0.0,1,0.0,연면적_건축면적_0
G50K_R0055_C0082,0000197423854486309400000000,용산구,1117012400,한강로1가,서울특별시 용산구 한강로1가,1-1,0.0,0.0,1.0,0.0,1,0.0,연면적_건축면적_0
G50K_R0055_C0082,0000197424074484796700000000,용산구,1117012400,한강로1가,서울특별시 용산구 한강로1가,1-1,0.0,0.0,1.0,0.0,1,0.0,연면적_건축면적_0
G50K_R0055_C0082,0000197424094484633400000000,용산구,1117012400,한강로1가,서울특별시 용산구 한강로1가,1-1,0.0,0.0,1.0,0.0,1,0.0,연면적_건축면적_0
G50K_R0055_C0082,0000197424684484594300000000,용산구,1117012400,한강로1가,서울특별시 용산구 한강로1가,1-1,0.0,0.0,1.0,0.0,1,0.0,연면적_건축면적_0
G50K_R0055_C0082,0000197425094485822600000000,용산구,1117012400,한강로1가,서울특별시 용산구 한강로1가,1-1,0.0,0.0,1.0,0.0,1,0.0,연면적_건축면적_0
G50K_R0055_C0082,0000197426354484491300000000,용산구,1117012400,한강로1가,서울특별시 용산구 한강로1가,1-1,0.0,0.0,1.0,0.0,1,0.0,연면적_건축면적_0
G50K_R0055_C0082,0000197427314486378000000000,용산구,1117012400,한강로1가,서울특별시 용산구 한강로1가,1-1,0.0,0.0,1.0,0.0,1,0.0,연면적_건축면적_0
G50K_R0055_C0082,0000197431824484275400000000,용산구,1117012400,한강로1가,서울특별시 용산구 한강로1가,1-1,0.0,0.0,1.0,0.0,1,0.0,연면적_건축면적_0
G50K_R0055_C0082,0000197431924485321100000000,용산구,1117012400,한강로1가,서울특별시 용산구 한강로1가,1-1,0.0,0.0,1.0,0.0,1,0.0,연면적_건축면적_0
G50K_R0055_C0082,0000197438154485397800000000,용산구,1117012400,한강로1가,서울특별시 용산구 한강로1가,1-1,0.0,0.0,1.0,0.0,1,0.0,연면적_건축면적_0
G50K_R0055_C0082,0000197438354486417000000000,용산구,1117012400,한강로1가,서울특별시 용산구 한강로1가,1-1,0.0,0.0,1.0,0.0,1,0.0,연면적_건축면적_0
G50K_R0055_C0082,0000197440264485228700000000,용산구,1117012400,한강로1가,서울특별시 용산구 한강로1가,1-1,0.0,0.0,1.0,0.0,1,0.0,연면적_건축면적_0
G50K_R0055_C0082,0000197447844485013100000000,용산구,1117012400,한강로1가,서울특별시 용산구 한강로1가,1-1,0.0,0.0,1.0,0.0,1,0.0,연면적_건축면적_0
G50K_R0055_C0082,0000197453114484751200000000,용산구,1117012400,한강로1가,서울특별시 용산구 한강로1가,1-1,0.0,0.0,1.0,0.0,1,0.0,연면적_건축면적_0
G50K_R0055_C0082,0000197456284484676200000000,용산구,1117012400,한강로1가,서울특별시 용산구 한강로1가,1-1,0.0,0.0,1.0,0.0,1,0.0,연면적_건축면적_0
G50K_R0055_C0082,0000197458644484573100000000,용산구,1117012400,한강로1가,서울특별시 용산구 한강로1가,1-1,0.0,0.0,1.0,0.0,1,0.0,연면적_건축면적_0
G50K_R0055_C0082,0000197479764485143200000000,용산구,1117012400,한강로1가,서울특별시 용산구 한강로1가,1-1,0.0,0.0,1.0,0.0,1,0.0,연면적_건축면적_0
G50K_R0055_C0082,0000197484304486240100000000,용산구,1117012400,한강로1가,서울특별시 용산구 한강로1가,1-1,0.0,0.0,1.0,0.0,1,0.0,연면적_건축면적_0
G50K_R0055_C0082,0000197517444485678300000000,용산구,1117012400,한강로1가,서울특별시 용산구 한강로1가,1-1,0.0,0.0,1.0,0.0,1,0.0,연면적_건축면적_0
G50K_R0055_C0082,0000197533424485067000000000,용산구,1117012400,한강로1가,서울특별시 용산구 한강로1가,1-1,0.0,0.0,1.0,0.0,1,0.0,연면적_건축면적_0
G50K_R0055_C0082,0000197534744484283800000000,용산구,1117012400,한강로1가,서울특별시 용산구 한강로1가,1-1,0.0,0.0,1.0,0.0,1,0.0,연면적_건축면적_0
G50K_R0055_C0082,0000197534854486327000000000,용산구,1117012400,한강로1가,서울특별시 용산구 한강로1가,1-1,0.0,0.0,1.0,0.0,1,0.0,연면적_건축면적_0
G50K_R0055_C0082,0000197545034484455700000000,용산구,1117012400,한강로1가,서울특별시 용산구 한강로1가,1-1,0.0,0.0,1.0,0.0,1,0.0,연면적_건축면적_0
G50K_R0055_C0082,0000197562664485200700000000,용산구,1117012400,한강로1가,서울특별시 용산구 한강로1가,1-1,0.0,0.0,1.0,0.0,1,0.0,연면적_건축면적_0
G50K_R0055_C0082,0000197566374485529800000000,용산구,1117012400,한강로1가,서울특별시 용산구 한강로1가,1-1,0.0,0.0,1.0,0.0,1,0.0,연면적_건축면적_0
G50K_R0055_C0082,0000197567934485455300000000,용산구,1117012400,한강로1가,서울특별시 용산구 한강로1가,1-1,0.0,0.0,1.0,0.0,1,0.0,연면적_건축면적_0
G50K_R0055_C0082,0000197578514484994000000000,용산구,1117012400,한강로1가,서울특별시 용산구 한강로1가,1-1,0.0,0.0,1.0,0.0,1,0.0,연면적_건축면적_0
G50K_R0055_C0082,0000197579974484428300000000,용산구,1117012400,한강로1가,서울특별시 용산구 한강로1가,1-1,0.0,0.0,1.0,0.0,1,0.0,연면적_건축면적_0
G50K_R0055_C0082,0000197409934484826200000000,용산구,1117012400,한강로1가,서울특별시 용산구 한강로1가,1-7,0.0,0.0,1.0,0.0,1,0.0,연면적_건축면적_0
G50K_R0045_C0091,0000199389094463709400000000,용산구,1117013300,서빙고동,서울특별시 용산구 서빙고동,241-11,0.0,0.0,1.0,0.0,1,0.0,연면적_건축면적_0
G50K_R0045_C0091,0000199391244463910300000000,용산구,1117013300,서빙고동,서울특별시 용산구 서빙고동,241-11,0.0,0.0,1.0,0.0,1,0.0,연면적_건축면적_0
G50K_R0045_C0091,0000199392844463804900000000,용산구,1117013300,서빙고동,서울특별시 용산구 서빙고동,241-11,0.0,0.0,1.0,0.0,1,0.0,연면적_건축면적_0
G50K_R0044_C0089,0000199000704461348300000000,용산구,1117013300,서빙고동,서울특별시 용산구 서빙고동,241-21,0.0,0.0,1.0,0.0,1,0.0,연면적_건축면적_0
G50K_R0044_C0089,0000199026174461735200000000,용산구,1117013300,서빙고동,서울특별시 용산구 서빙고동,271-2,0.0,0.0,1.0,0.0,1,0.0,연면적_건축면적_0
G50K_R0044_C0089,0000199089234461783200000000,용산구,1117013300,서빙고동,서울특별시 용산구 서빙고동,271-2,0.0,0.0,1.0,0.0,1,0.0,연면적_건축면적_0
G50K_R0054_C0087,0000198498124483043000000000,용산구,1117010200,용산동2가,서울특별시 용산구 용산동2가,6,0.0,0.0,1.0,0.0,1,0.0,연면적_건축면적_0
G50K_R0054_C0087,0000198508084484008800000000,용산구,1117010200,용산동2가,서울특별시 용산구 용산동2가,6,0.0,0.0,1.0,0.0,1,0.0,연면적_건축면적_0
G50K_R0054_C0087,0000198521474482957400000000,용산구,1117010200,용산동2가,서울특별시 용산구 용산동2가,6,0.0,0.0,1.0,0.0,1,0.0,연면적_건축면적_0
G50K_R0054_C0087,0000198529994483506100000000,용산구,1117010200,용산동2가,서울특별시 용산구 용산동2가,6,0.0,0.0,1.0,0.0,1,0.0,연면적_건축면적_0
G50K_R0054_C0087,0000198531104482983900000000,용산구,1117010200,용산동2가,서울특별시 용산구 용산동2가,6,0.0,0.0,1.0,0.0,1,0.0,연면적_건축면적_0
G50K_R0054_C0087,0000198533334482210400000000,용산구,1117010200,용산동2가,서울특별시 용산구 용산동2가,6,0.0,0.0,1.0,0.0,1,0.0,연면적_건축면적_0
G50K_R0054_C0087,0000198543294482891300000000,용산구,1117010200,용산동2가,서울특별시 용산구 용산동2가,6,0.0,0.0,1.0,0.0,1,0.0,연면적_건축면적_0
G50K_R0054_C0087,0000198548054483988300000000,용산구,1117010200,용산동2가,서울특별시 용산구 용산동2가,6,0.0,0.0,1.0,0.0,1,0.0,연면적_건축면적_0
G50K_R0054_C0087,0000198574304483998600000000,용산구,1117010200,용산동2가,서울특별시 용산구 용산동2가,6,0.0,0.0,1.0,0.0,1,0.0,연면적_건축면적_0
G50K_R0054_C0087,0000198574914482217400000000,용산구,1117010200,용산동2가,서울특별시 용산구 용산동2가,6,0.0,0.0,1.0,0.0,1,0.0,연면적_건축면적_0
G50K_R0054_C0087,0000198583564483980100000000,용산구,1117010200,용산동2가,서울특별시 용산구 용산동2가,6,0.0,0.0,1.0,0.0,1,0.0,연면적_건축면적_0
G50K_R0054_C0087,0000198591954484023200000000,용산구,1117010200,용산동2가,서울특별시 용산구 용산동2가,6,0.0,0.0,1.0,0.0,1,0.0,연면적_건축면적_0
G50K_R0054_C0087,0000198603944483161000000000,용산구,1117010200,용산동2가,서울특별시 용산구 용산동2가,6,0.0,0.0,1.0,0.0,1,0.0,연면적_건축면적_0
G50K_R0054_C0087,0000198604914483579000000000,용산구,1117010200,용산동2가,서울특별시 용산구 용산동2가,6,0.0,0.0,1.0,0.0,1,0.0,연면적_건축면적_0
G50K_R0054_C0087,0000198609124484033900000000,용산구,1117010200,용산동2가,서울특별시 용산구 용산동2가,6,0.0,0.0,1.0,0.0,1,0.0,연면적_건축면적_0
G50K_R0054_C0087,0000198610474482427800000000,용산구,1117010200,용산동2가,서울특별시 용산구 용산동2가,6,0.0,0.0,1.0,0.0,1,0.0,연면적_건축면적_0
G50K_R0054_C0087,0000198617764484001000000000,용산구,1117010200,용산동2가,서울특별시 용산구 용산동2가,6,0.0,0.0,1.0,0.0,1,0.0,연면적_건축면적_0
G50K_R0054_C0087,0000198626584484018900000000,용산구,1117010200,용산동2가,서울특별시 용산구 용산동2가,6,0.0,0.0,1.0,0.0,1,0.0,연면적_건축면적_0
G50K_R0054_C0087,0000198627474482774700000000,용산구,1117010200,용산동2가,서울특별시 용산구 용산동2가,6,0.0,0.0,1.0,0.0,1,0.0,연면적_건축면적_0
G50K_R0054_C0087,0000198630064482335400000000,용산구,1117010200,용산동2가,서울특별시 용산구 용산동2가,6,0.0,0.0,1.0,0.0,1,0.0,연면적_건축면적_0
G50K_R0054_C0087,0000198630354482629700000000,용산구,1117010200,용산동2가,서울특별시 용산구 용산동2가,6,0.0,0.0,1.0,0.0,1,0.0,연면적_건축면적_0
G50K_R0054_C0087,0000198644934483811800000000,용산구,1117010200,용산동2가,서울특별시 용산구 용산동2가,6,0.0,0.0,1.0,0.0,1,0.0,연면적_건축면적_0
G50K_R0054_C0087,0000198646234483165800000000,용산구,1117010200,용산동2가,서울특별시 용산구 용산동2가,6,0.0,0.0,1.0,0.0,1,0.0,연면적_건축면적_0
G50K_R0054_C0087,0000198647284483361900000000,용산구,1117010200,용산동2가,서울특별시 용산구 용산동2가,6,0.0,0.0,1.0,0.0,1,0.0,연면적_건축면적_0
G50K_R0054_C0087,0000198647994482450100000000,용산구,1117010200,용산동2가,서울특별시 용산구 용산동2가,6,0.0,0.0,1.0,0.0,1,0.0,연면적_건축면적_0
G50K_R0054_C0087,0000198674274482729200000000,용산구,1117010200,용산동2가,서울특별시 용산구 용산동2가,6,0.0,0.0,1.0,0.0,1,0.0,연면적_건축면적_0
G50K_R0054_C0087,0000198676544483115300000000,용산구,1117010200,용산동2가,서울특별시 용산구 용산동2가,6,0.0,0.0,1.0,0.0,1,0.0,연면적_건축면적_0
G50K_R0054_C0087,0000198678824482243300000000,용산구,1117010200,용산동2가,서울특별시 용산구 용산동2가,6,0.0,0.0,1.0,0.0,1,0.0,연면적_건축면적_0
G50K_R0054_C0087,0000198682654484160400000000,용산구,1117010200,용산동2가,서울특별시 용산구 용산동2가,7,0.0,0.0,1.0,0.0,1,0.0,연면적_건축면적_0
G50K_R0054_C0087,0000198692104483615300000000,용산구,1117010200,용산동2가,서울특별시 용산구 용산동2가,7,0.0,0.0,1.0,0.0,1,0.0,연면적_건축면적_0
G50K_R0054_C0087,0000198698384483446200000000,용산구,1117010200,용산동2가,서울특별시 용산구 용산동2가,7,0.0,0.0,1.0,0.0,1,0.0,연면적_건축면적_0
G50K_R0054_C0087,0000198699334483008500000000,용산구,1117010200,용산동2가,서울특별시 용산구 용산동2가,7,0.0,0.0,1.0,0.0,1,0.0,연면적_건축면적_0
G50K_R0054_C0087,0000198700194483816400000000,용산구,1117010200,용산동2가,서울특별시 용산구 용산동2가,7,0.0,0.0,1.0,0.0,1,0.0,연면적_건축면적_0
G50K_R0054_C0087,0000198703454482788400000000,용산구,1117010200,용산동2가,서울특별시 용산구 용산동2가,7,0.0,0.0,1.0,0.0,1,0.0,연면적_건축면적_0
G50K_R0054_C0087,0000198704784482608100000000,용산구,1117010200,용산동2가,서울특별시 용산구 용산동2가,7,0.0,0.0,1.0,0.0,1,0.0,연면적_건축면적_0
G50K_R0054_C0087,0000198705914482427600000000,용산구,1117010200,용산동2가,서울특별시 용산구 용산동2가,7,0.0,0.0,1.0,0.0,1,0.0,연면적_건축면적_0
G50K_R0054_C0087,0000198707174482220900000000,용산구,1117010200,용산동2가,서울특별시 용산구 용산동2가,7,0.0,0.0,1.0,0.0,1,0.0,연면적_건축면적_0
G50K_R0054_C0087,0000198709354482054400000000,용산구,1117010200,용산동2가,서울특별시 용산구 용산동2가,7,0.0,0.0,1.0,0.0,1,0.0,연면적_건축면적_0
G50K_R0056_C0085,0000198066444487983100000000,용산구,1117010600,용산동1가,서울특별시 용산구 용산동1가,1,0.0,0.0,1.0,0.0,1,0.0,연면적_건축면적_0
G50K_R0056_C0085,0000198074404488582600000000,용산구,1117010600,용산동1가,서울특별시 용산구 용산동1가,1,0.0,0.0,1.0,0.0,1,0.0,연면적_건축면적_0
G50K_R0056_C0085,0000198059574487738600000000,용산구,1117010600,용산동1가,서울특별시 용산구 용산동1가,3,0.0,0.0,1.0,0.0,1,0.0,연면적_건축면적_0
G50K_R0056_C0085,0000198089414487474100000000,용산구,1117010600,용산동1가,서울특별시 용산구 용산동1가,3,0.0,0.0,1.0,0.0,1,0.0,연면적_건축면적_0
G50K_R0056_C0085,0000198095004486585700000000,용산구,1117010600,용산동1가,서울특별시 용산구 용산동1가,3,0.0,0.0,1.0,0.0,1,0.0,연면적_건축면적_0
G50K_R0056_C0085,0000198097314486968700000000,용산구,1117010600,용산동1가,서울특별시 용산구 용산동1가,3,0.0,0.0,1.0,0.0,1,0.0,연면적_건축면적_0
G50K_R0056_C0085,0000198191994488612500000000,용산구,1117010200,용산동2가,서울특별시 용산구 용산동2가,2-14,0.0,0.0,1.0,0.0,1,0.0,연면적_건축면적_0
G50K_R0056_C0085,0000198169494487426500000000,용산구,1117010200,용산동2가,서울특별시 용산구 용산동2가,3,0.0,0.0,1.0,0.0,1,0.0,연면적_건축면적_0
G50K_R0056_C0085,0000198204674487612700000000,용산구,1117010200,용산동2가,서울특별시 용산구 용산동2가,3,0.0,0.0,1.0,0.0,1,0.0,연면적_건축면적_0
G50K_R0056_C0085,0000198213544486729800000000,용산구,1117010200,용산동2가,서울특별시 용산구 용산동2가,3,0.0,0.0,1.0,0.0,1,0.0,연면적_건축면적_0
G50K_R0056_C0085,0000198214334487460700000000,용산구,1117010200,용산동2가,서울특별시 용산구 용산동2가,3,0.0,0.0,1.0,0.0,1,0.0,연면적_건축면적_0
G50K_R0056_C0085,0000198238044487468300000000,용산구,1117010200,용산동2가,서울특별시 용산구 용산동2가,3,0.0,0.0,1.0,0.0,1,0.0,연면적_건축면적_0
G50K_R0056_C0085,0000198242274486953700000000,용산구,1117010200,용산동2가,서울특별시 용산구 용산동2가,3,0.0,0.0,1.0,0.0,1,0.0,연면적_건축면적_0
G50K_R0056_C0085,0000198244034487551800000000,용산구,1117010200,용산동2가,서울특별시 용산구 용산동2가,3,0.0,0.0,1.0,0.0,1,0.0,연면적_건축면적_0
G50K_R0056_C0085,0000198245264487470400000000,용산구,1117010200,용산동2가,서울특별시 용산구 용산동2가,3,0.0,0.0,1.0,0.0,1,0.0,연면적_건축면적_0
G50K_R0056_C0085,0000198247794486656400000000,용산구,1117010200,용산동2가,서울특별시 용산구 용산동2가,3,0.0,0.0,1.0,0.0,1,0.0,연면적_건축면적_0
G50K_R0056_C0085,0000198250214487373000000000,용산구,1117010200,용산동2가,서울특별시 용산구 용산동2가,3,0.0,0.0,1.0,0.0,1,0.0,연면적_건축면적_0
G50K_R0045_C0077,0000196271244462211000000000,용산구,1117012900,이촌동,서울특별시 용산구 이촌동,302-146,0.0,0.0,1.0,0.0,1,0.0,연면적_건축면적_0
G50K_R0045_C0077,0000196259994462031100000000,용산구,1117012900,이촌동,서울특별시 용산구 이촌동,304-10,0.0,0.0,1.0,0.0,1,0.0,연면적_건축면적_0
G50K_R0045_C0077,0000196262084462049200000000,용산구,1117012900,이촌동,서울특별시 용산구 이촌동,304-10,0.0,0.0,1.0,0.0,1,0.0,연면적_건축면적_0
G50K_R0047_C0075,0000195866364467730000000000,용산구,1117012900,이촌동,서울특별시 용산구 이촌동,312-1,0.0,0.0,1.0,0.0,1,0.0,연면적_건축면적_0
G50K_R0047_C0075,0000195869434467685900000000,용산구,1117012900,이촌동,서울특별시 용산구 이촌동,312-1,0.0,0.0,1.0,0.0,1,0.0,연면적_건축면적_0
G50K_R0047_C0075,0000196025944466418200000000,용산구,1117012900,이촌동,서울특별시 용산구 이촌동,380,0.0,0.0,1.0,0.0,1,0.0,연면적_건축면적_0
G50K_R0050_C0089,0000198957024473660600000000,용산구,1117010300,용산동4가,서울특별시 용산구 용산동4가,19-1,0.0,0.0,1.0,0.0,1,0.0,연면적_건축면적_0
G50K_R0050_C0089,0000198968934474704000000000,용산구,1117010300,용산동4가,서울특별시 용산구 용산동4가,19-1,0.0,0.0,1.0,0.0,1,0.0,연면적_건축면적_0
G50K_R0050_C0089,0000198973394474976900000000,용산구,1117010300,용산동4가,서울특별시 용산구 용산동4가,19-1,0.0,0.0,1.0,0.0,1,0.0,연면적_건축면적_0
G50K_R0050_C0089,0000198981274474801600000000,용산구,1117010300,용산동4가,서울특별시 용산구 용산동4가,19-1,0.0,0.0,1.0,0.0,1,0.0,연면적_건축면적_0
G50K_R0050_C0089,0000198984494475195800000000,용산구,1117010300,용산동4가,서울특별시 용산구 용산동4가,19-1,0.0,0.0,1.0,0.0,1,0.0,연면적_건축면적_0
G50K_R0050_C0089,0000198985814473373700000000,용산구,1117010300,용산동4가,서울특별시 용산구 용산동4가,19-1,0.0,0.0,1.0,0.0,1,0.0,연면적_건축면적_0
G50K_R0050_C0089,0000198989194474338100000000,용산구,1117010300,용산동4가,서울특별시 용산구 용산동4가,19-1,0.0,0.0,1.0,0.0,1,0.0,연면적_건축면적_0
G50K_R0050_C0089,0000199007484474355500000000,용산구,1117010300,용산동4가,서울특별시 용산구 용산동4가,19-1,0.0,0.0,1.0,0.0,1,0.0,연면적_건축면적_0
G50K_R0050_C0089,0000199011884473475200000000,용산구,1117010300,용산동4가,서울특별시 용산구 용산동4가,19-1,0.0,0.0,1.0,0.0,1,0.0,연면적_건축면적_0
G50K_R0050_C0089,0000199017744473536900000000,용산구,1117010300,용산동4가,서울특별시 용산구 용산동4가,19-1,0.0,0.0,1.0,0.0,1,0.0,연면적_건축면적_0
G50K_R0050_C0089,0000199021114473477500000000,용산구,1117010300,용산동4가,서울특별시 용산구 용산동4가,19-1,0.0,0.0,1.0,0.0,1,0.0,연면적_건축면적_0
G50K_R0050_C0089,0000199027734474263500000000,용산구,1117010300,용산동4가,서울특별시 용산구 용산동4가,19-1,0.0,0.0,1.0,0.0,1,0.0,연면적_건축면적_0
G50K_R0050_C0089,0000199114374473364300000000,용산구,1117010300,용산동4가,서울특별시 용산구 용산동4가,19-1,0.0,0.0,1.0,0.0,1,0.0,연면적_건축면적_0
G50K_R0050_C0089,0000199131664473520000000000,용산구,1117010300,용산동4가,서울특별시 용산구 용산동4가,19-1,0.0,0.0,1.0,0.0,1,0.0,연면적_건축면적_0
G50K_R0050_C0089,0000199051964474978800000000,용산구,1117010300,용산동4가,서울특별시 용산구 용산동4가,19-8,0.0,0.0,1.0,0.0,1,0.0,연면적_건축면적_0
G50K_R0050_C0089,0000199077354474643000000000,용산구,1117010300,용산동4가,서울특별시 용산구 용산동4가,19-8,0.0,0.0,1.0,0.0,1,0.0,연면적_건축면적_0
G50K_R0050_C0089,0000199094764475079300000000,용산구,1117010300,용산동4가,서울특별시 용산구 용산동4가,19-8,0.0,0.0,1.0,0.0,1,0.0,연면적_건축면적_0
G50K_R0051_C0088,0000198758654477089800000000,용산구,1117010300,용산동4가,서울특별시 용산구 용산동4가,10,0.0,0.0,1.0,0.0,1,0.0,연면적_건축면적_0
G50K_R0051_C0088,0000198848954477518800000000,용산구,1117010300,용산동4가,서울특별시 용산구 용산동4가,10,0.0,0.0,1.0,0.0,1,0.0,연면적_건축면적_0
G50K_R0051_C0088,0000198724804475570600000000,용산구,1117010300,용산동4가,서울특별시 용산구 용산동4가,16,0.0,0.0,1.0,0.0,1,0.0,연면적_건축면적_0
G50K_R0051_C0088,0000198725094475644800000000,용산구,1117010300,용산동4가,서울특별시 용산구 용산동4가,16,0.0,0.0,1.0,0.0,1,0.0,연면적_건축면적_0
G50K_R0051_C0088,0000198735284475652700000000,용산구,1117010300,용산동4가,서울특별시 용산구 용산동4가,17,0.0,0.0,1.0,0.0,1,0.0,연면적_건축면적_0
G50K_R0051_C0088,0000198775194475366500000000,용산구,1117010300,용산동4가,서울특별시 용산구 용산동4가,17,0.0,0.0,1.0,0.0,1,0.0,연면적_건축면적_0
G50K_R0051_C0088,0000198823004476666800000000,용산구,1117010300,용산동4가,서울특별시 용산구 용산동4가,19-1,0.0,0.0,1.0,0.0,1,0.0,연면적_건축면적_0
G50K_R0051_C0088,0000198846904477177500000000,용산구,1117010300,용산동4가,서울특별시 용산구 용산동4가,19-1,0.0,0.0,1.0,0.0,1,0.0,연면적_건축면적_0
G50K_R0051_C0088,0000198854764476945700000000,용산구,1117010300,용산동4가,서울특별시 용산구 용산동4가,19-1,0.0,0.0,1.0,0.0,1,0.0,연면적_건축면적_0
G50K_R0051_C0088,0000198863724476655800000000,용산구,1117010300,용산동4가,서울특별시 용산구 용산동4가,19-1,0.0,0.0,1.0,0.0,1,0.0,연면적_건축면적_0
G50K_R0051_C0088,0000198870634475663100000000,용산구,1117010300,용산동4가,서울특별시 용산구 용산동4가,19-1,0.0,0.0,1.0,0.0,1,0.0,연면적_건축면적_0
G50K_R0051_C0088,0000198873884476299700000000,용산구,1117010300,용산동4가,서울특별시 용산구 용산동4가,19-1,0.0,0.0,1.0,0.0,1,0.0,연면적_건축면적_0
G50K_R0051_C0088,0000198876224475946400000000,용산구,1117010300,용산동4가,서울특별시 용산구 용산동4가,19-1,0.0,0.0,1.0,0.0,1,0.0,연면적_건축면적_0
G50K_R0051_C0088,0000198876934476427600000000,용산구,1117010300,용산동4가,서울특별시 용산구 용산동4가,19-1,0.0,0.0,1.0,0.0,1,0.0,연면적_건축면적_0
G50K_R0051_C0088,0000198880214476549600000000,용산구,1117010300,용산동4가,서울특별시 용산구 용산동4가,19-1,0.0,0.0,1.0,0.0,1,0.0,연면적_건축면적_0
G50K_R0051_C0088,0000198883564476653400000000,용산구,1117010300,용산동4가,서울특별시 용산구 용산동4가,19-1,0.0,0.0,1.0,0.0,1,0.0,연면적_건축면적_0
G50K_R0051_C0088,0000198895894476242100000000,용산구,1117010300,용산동4가,서울특별시 용산구 용산동4가,19-1,0.0,0.0,1.0,0.0,1,0.0,연면적_건축면적_0
G50K_R0051_C0088,0000198936704475620800000000,용산구,1117010300,용산동4가,서울특별시 용산구 용산동4가,19-1,0.0,0.0,1.0,0.0,1,0.0,연면적_건축면적_0
G50K_R0052_C0088,0000198717634477602600000000,용산구,1117010300,용산동4가,서울특별시 용산구 용산동4가,10,0.0,0.0,1.0,0.0,1,0.0,연면적_건축면적_0
G50K_R0052_C0088,0000198770624478508000000000,용산구,1117010300,용산동4가,서울특별시 용산구 용산동4가,10,0.0,0.0,1.0,0.0,1,0.0,연면적_건축면적_0
G50K_R0052_C0088,0000198771774479053300000000,용산구,1117010300,용산동4가,서울특별시 용산구 용산동4가,10,0.0,0.0,1.0,0.0,1,0.0,연면적_건축면적_0
G50K_R0052_C0088,0000198779404478576800000000,용산구,1117010300,용산동4가,서울특별시 용산구 용산동4가,10,0.0,0.0,1.0,0.0,1,0.0,연면적_건축면적_0
G50K_R0052_C0088,0000198780984478256300000000,용산구,1117010300,용산동4가,서울특별시 용산구 용산동4가,10,0.0,0.0,1.0,0.0,1,0.0,연면적_건축면적_0
G50K_R0052_C0088,0000198789334478743500000000,용산구,1117010300,용산동4가,서울특별시 용산구 용산동4가,10,0.0,0.0,1.0,0.0,1,0.0,연면적_건축면적_0
G50K_R0052_C0088,0000198796044479051800000000,용산구,1117010300,용산동4가,서울특별시 용산구 용산동4가,10,0.0,0.0,1.0,0.0,1,0.0,연면적_건축면적_0
G50K_R0052_C0088,0000198802014478382100000000,용산구,1117010300,용산동4가,서울특별시 용산구 용산동4가,10,0.0,0.0,1.0,0.0,1,0.0,연면적_건축면적_0
G50K_R0052_C0088,0000198802054478746600000000,용산구,1117010300,용산동4가,서울특별시 용산구 용산동4가,10,0.0,0.0,1.0,0.0,1,0.0,연면적_건축면적_0
G50K_R0052_C0088,0000198811464477880800000000,용산구,1117010300,용산동4가,서울특별시 용산구 용산동4가,10,0.0,0.0,1.0,0.0,1,0.0,연면적_건축면적_0
G50K_R0052_C0088,0000198815054478779500000000,용산구,1117010300,용산동4가,서울특별시 용산구 용산동4가,10,0.0,0.0,1.0,0.0,1,0.0,연면적_건축면적_0
G50K_R0052_C0088,0000198833024479047800000000,용산구,1117010300,용산동4가,서울특별시 용산구 용산동4가,10,0.0,0.0,1.0,0.0,1,0.0,연면적_건축면적_0
G50K_R0052_C0088,0000198842594477928300000000,용산구,1117010300,용산동4가,서울특별시 용산구 용산동4가,10,0.0,0.0,1.0,0.0,1,0.0,연면적_건축면적_0
G50K_R0052_C0088,0000198844134478467200000000,용산구,1117010300,용산동4가,서울특별시 용산구 용산동4가,10,0.0,0.0,1.0,0.0,1,0.0,연면적_건축면적_0
G50K_R0052_C0088,0000198846704479031600000000,용산구,1117010300,용산동4가,서울특별시 용산구 용산동4가,10,0.0,0.0,1.0,0.0,1,0.0,연면적_건축면적_0
G50K_R0052_C0088,0000198878954479048500000000,용산구,1117010300,용산동4가,서울특별시 용산구 용산동4가,10,0.0,0.0,1.0,0.0,1,0.0,연면적_건축면적_0
G50K_R0052_C0088,0000198887894478352900000000,용산구,1117010300,용산동4가,서울특별시 용산구 용산동4가,10,0.0,0.0,1.0,0.0,1,0.0,연면적_건축면적_0
G50K_R0052_C0088,0000198898034477969100000000,용산구,1117010300,용산동4가,서울특별시 용산구 용산동4가,10,0.0,0.0,1.0,0.0,1,0.0,연면적_건축면적_0
G50K_R0052_C0088,0000198926464477631600000000,용산구,1117010300,용산동4가,서울특별시 용산구 용산동4가,10,0.0,0.0,1.0,0.0,1,0.0,연면적_건축면적_0
G50K_R0053_C0087,0000198494674481776000000000,용산구,1117010200,용산동2가,서울특별시 용산구 용산동2가,6,0.0,0.0,1.0,0.0,1,0.0,연면적_건축면적_0
G50K_R0053_C0087,0000198509474481944400000000,용산구,1117010200,용산동2가,서울특별시 용산구 용산동2가,6,0.0,0.0,1.0,0.0,1,0.0,연면적_건축면적_0
G50K_R0053_C0087,0000198532884481987000000000,용산구,1117010200,용산동2가,서울특별시 용산구 용산동2가,6,0.0,0.0,1.0,0.0,1,0.0,연면적_건축면적_0
G50K_R0053_C0087,0000198538214481287000000000,용산구,1117010200,용산동2가,서울특별시 용산구 용산동2가,6,0.0,0.0,1.0,0.0,1,0.0,연면적_건축면적_0
G50K_R0053_C0087,0000198538244481736900000000,용산구,1117010200,용산동2가,서울특별시 용산구 용산동2가,6,0.0,0.0,1.0,0.0,1,0.0,연면적_건축면적_0
G50K_R0053_C0087,0000198579234481741900000000,용산구,1117010200,용산동2가,서울특별시 용산구 용산동2가,6,0.0,0.0,1.0,0.0,1,0.0,연면적_건축면적_0
G50K_R0053_C0087,0000198610144481134200000000,용산구,1117010200,용산동2가,서울특별시 용산구 용산동2가,6,0.0,0.0,1.0,0.0,1,0.0,연면적_건축면적_0
G50K_R0053_C0087,0000198661664481610200000000,용산구,1117010200,용산동2가,서울특별시 용산구 용산동2가,6,0.0,0.0,1.0,0.0,1,0.0,연면적_건축면적_0
G50K_R0053_C0087,0000198662854481700100000000,용산구,1117010200,용산동2가,서울특별시 용산구 용산동2가,6,0.0,0.0,1.0,0.0,1,0.0,연면적_건축면적_0
G50K_R0053_C0087,0000198664454481524900000000,용산구,1117010200,용산동2가,서울특별시 용산구 용산동2가,6,0.0,0.0,1.0,0.0,1,0.0,연면적_건축면적_0
G50K_R0053_C0087,0000198680824481354100000000,용산구,1117010200,용산동2가,서울특별시 용산구 용산동2가,6,0.0,0.0,1.0,0.0,1,0.0,연면적_건축면적_0
G50K_R0053_C0087,0000198701654481209100000000,용산구,1117010200,용산동2가,서울특별시 용산구 용산동2가,7,0.0,0.0,1.0,0.0,1,0.0,연면적_건축면적_0
G50K_R0053_C0087,0000198703454481070100000000,용산구,1117010200,용산동2가,서울특별시 용산구 용산동2가,7,0.0,0.0,1.0,0.0,1,0.0,연면적_건축면적_0
G50K_R0053_C0087,0000198709934481859600000000,용산구,1117010200,용산동2가,서울특별시 용산구 용산동2가,7,0.0,0.0,1.0,0.0,1,0.0,연면적_건축면적_0
G50K_R0053_C0087,0000198711994481298200000000,용산구,1117010200,용산동2가,서울특별시 용산구 용산동2가,7,0.0,0.0,1.0,0.0,1,0.0,연면적_건축면적_0
G50K_R0053_C0087,0000198712474481426500000000,용산구,1117010200,용산동2가,서울특별시 용산구 용산동2가,7,0.0,0.0,1.0,0.0,1,0.0,연면적_건축면적_0
G50K_R0053_C0087,0000198712984481147700000000,용산구,1117010200,용산동2가,서울특별시 용산구 용산동2가,7,0.0,0.0,1.0,0.0,1,0.0,연면적_건축면적_0
G50K_R0053_C0087,0000198501074480405400000000,용산구,1117010300,용산동4가,서울특별시 용산구 용산동4가,3,0.0,0.0,1.0,0.0,1,0.0,연면적_건축면적_0
G50K_R0053_C0087,0000198508054480469800000000,용산구,1117010300,용산동4가,서울특별시 용산구 용산동4가,3,0.0,0.0,1.0,0.0,1,0.0,연면적_건축면적_0
G50K_R0053_C0087,0000198509704480355600000000,용산구,1117010300,용산동4가,서울특별시 용산구 용산동4가,3,0.0,0.0,1.0,0.0,1,0.0,연면적_건축면적_0
G50K_R0053_C0087,0000198516124480416500000000,용산구,1117010300,용산동4가,서울특별시 용산구 용산동4가,3,0.0,0.0,1.0,0.0,1,0.0,연면적_건축면적_0
G50K_R0053_C0087,0000198523564480465900000000,용산구,1117010300,용산동4가,서울특별시 용산구 용산동4가,3,0.0,0.0,1.0,0.0,1,0.0,연면적_건축면적_0
G50K_R0053_C0087,0000198524934479898800000000,용산구,1117010300,용산동4가,서울특별시 용산구 용산동4가,3,0.0,0.0,1.0,0.0,1,0.0,연면적_건축면적_0
G50K_R0053_C0087,0000198525274480102000000000,용산구,1117010300,용산동4가,서울특별시 용산구 용산동4가,3,0.0,0.0,1.0,0.0,1,0.0,연면적_건축면적_0
G50K_R0053_C0087,0000198531154480426900000000,용산구,1117010300,용산동4가,서울특별시 용산구 용산동4가,3,0.0,0.0,1.0,0.0,1,0.0,연면적_건축면적_0
G50K_R0053_C0087,0000198538674480474600000000,용산구,1117010300,용산동4가,서울특별시 용산구 용산동4가,3,0.0,0.0,1.0,0.0,1,0.0,연면적_건축면적_0
G50K_R0053_C0087,0000198545874480547100000000,용산구,1117010300,용산동4가,서울특별시 용산구 용산동4가,3,0.0,0.0,1.0,0.0,1,0.0,연면적_건축면적_0
G50K_R0053_C0087,0000198546804480439500000000,용산구,1117010300,용산동4가,서울특별시 용산구 용산동4가,3,0.0,0.0,1.0,0.0,1,0.0,연면적_건축면적_0
G50K_R0053_C0087,0000198558144480093800000000,용산구,1117010300,용산동4가,서울특별시 용산구 용산동4가,3,0.0,0.0,1.0,0.0,1,0.0,연면적_건축면적_0
G50K_R0053_C0087,0000198559284479917500000000,용산구,1117010300,용산동4가,서울특별시 용산구 용산동4가,3,0.0,0.0,1.0,0.0,1,0.0,연면적_건축면적_0
G50K_R0053_C0087,0000198603344480375300000000,용산구,1117010300,용산동4가,서울특별시 용산구 용산동4가,4,0.0,0.0,1.0,0.0,1,0.0,연면적_건축면적_0
G50K_R0053_C0087,0000198630724480141500000000,용산구,1117010300,용산동4가,서울특별시 용산구 용산동4가,4,0.0,0.0,1.0,0.0,1,0.0,연면적_건축면적_0
G50K_R0053_C0087,0000198631694479962200000000,용산구,1117010300,용산동4가,서울특별시 용산구 용산동4가,4,0.0,0.0,1.0,0.0,1,0.0,연면적_건축면적_0
G50K_R0053_C0087,0000198671904479962500000000,용산구,1117010300,용산동4가,서울특별시 용산구 용산동4가,4,0.0,0.0,1.0,0.0,1,0.0,연면적_건축면적_0
G50K_R0053_C0087,0000198672724480158200000000,용산구,1117010300,용산동4가,서울특별시 용산구 용산동4가,4,0.0,0.0,1.0,0.0,1,0.0,연면적_건축면적_0
G50K_R0053_C0087,0000198678224480373700000000,용산구,1117010300,용산동4가,서울특별시 용산구 용산동4가,4,0.0,0.0,1.0,0.0,1,0.0,연면적_건축면적_0
G50K_R0050_C0082,0000197380884475066300000000,용산구,1117012600,용산동3가,서울특별시 용산구 용산동3가,4-1,0.0,0.0,1.0,0.0,1,0.0,연면적_건축면적_0
G50K_R0050_C0082,0000197381424473751600000000,용산구,1117012600,용산동3가,서울특별시 용산구 용산동3가,4-1,0.0,0.0,1.0,0.0,1,0.0,연면적_건축면적_0
G50K_R0050_C0082,0000197387514474916000000000,용산구,1117012600,용산동3가,서울특별시 용산구 용산동3가,4-1,0.0,0.0,1.0,0.0,1,0.0,연면적_건축면적_0
G50K_R0050_C0082,0000197391424474955100000000,용산구,1117012600,용산동3가,서울특별시 용산구 용산동3가,4-1,0.0,0.0,1.0,0.0,1,0.0,연면적_건축면적_0
G50K_R0050_C0082,0000197397724474305400000000,용산구,1117012600,용산동3가,서울특별시 용산구 용산동3가,4-1,0.0,0.0,1.0,0.0,1,0.0,연면적_건축면적_0
G50K_R0050_C0082,0000197400364475149300000000,용산구,1117012600,용산동3가,서울특별시 용산구 용산동3가,4-1,0.0,0.0,1.0,0.0,1,0.0,연면적_건축면적_0
G50K_R0050_C0082,0000197405734475077100000000,용산구,1117012600,용산동3가,서울특별시 용산구 용산동3가,4-1,0.0,0.0,1.0,0.0,1,0.0,연면적_건축면적_0
G50K_R0050_C0082,0000197411954475014300000000,용산구,1117012600,용산동3가,서울특별시 용산구 용산동3가,4-1,0.0,0.0,1.0,0.0,1,0.0,연면적_건축면적_0
G50K_R0050_C0082,0000197417604475076300000000,용산구,1117012600,용산동3가,서울특별시 용산구 용산동3가,4-1,0.0,0.0,1.0,0.0,1,0.0,연면적_건축면적_0
G50K_R0050_C0082,0000197419834473233900000000,용산구,1117012600,용산동3가,서울특별시 용산구 용산동3가,4-1,0.0,0.0,1.0,0.0,1,0.0,연면적_건축면적_0
G50K_R0050_C0082,0000197422024475260600000000,용산구,1117012600,용산동3가,서울특별시 용산구 용산동3가,4-1,0.0,0.0,1.0,0.0,1,0.0,연면적_건축면적_0
G50K_R0050_C0082,0000197427284474159500000000,용산구,1117012600,용산동3가,서울특별시 용산구 용산동3가,4-1,0.0,0.0,1.0,0.0,1,0.0,연면적_건축면적_0
G50K_R0050_C0082,0000197449384475036700000000,용산구,1117012600,용산동3가,서울특별시 용산구 용산동3가,4-1,0.0,0.0,1.0,0.0,1,0.0,연면적_건축면적_0
G50K_R0050_C0082,0000197450964475167800000000,용산구,1117012600,용산동3가,서울특별시 용산구 용산동3가,4-1,0.0,0.0,1.0,0.0,1,0.0,연면적_건축면적_0
G50K_R0050_C0082,0000197451954473849000000000,용산구,1117012600,용산동3가,서울특별시 용산구 용산동3가,4-1,0.0,0.0,1.0,0.0,1,0.0,연면적_건축면적_0
G50K_R0050_C0082,0000197462924475139700000000,용산구,1117012600,용산동3가,서울특별시 용산구 용산동3가,4-1,0.0,0.0,1.0,0.0,1,0.0,연면적_건축면적_0
G50K_R0050_C0082,0000197464344473142700000000,용산구,1117012600,용산동3가,서울특별시 용산구 용산동3가,4-1,0.0,0.0,1.0,0.0,1,0.0,연면적_건축면적_0
G50K_R0050_C0082,0000197478964475112900000000,용산구,1117012600,용산동3가,서울특별시 용산구 용산동3가,4-1,0.0,0.0,1.0,0.0,1,0.0,연면적_건축면적_0
G50K_R0050_C0082,0000197488494474903100000000,용산구,1117012600,용산동3가,서울특별시 용산구 용산동3가,4-1,0.0,0.0,1.0,0.0,1,0.0,연면적_건축면적_0
G50K_R0050_C0082,0000197490934473726800000000,용산구,1117012600,용산동3가,서울특별시 용산구 용산동3가,4-1,0.0,0.0,1.0,0.0,1,0.0,연면적_건축면적_0
G50K_R0050_C0082,0000197497964474176200000000,용산구,1117012600,용산동3가,서울특별시 용산구 용산동3가,4-1,0.0,0.0,1.0,0.0,1,0.0,연면적_건축면적_0
G50K_R0050_C0082,0000197506164474461400000000,용산구,1117012600,용산동3가,서울특별시 용산구 용산동3가,4-1,0.0,0.0,1.0,0.0,1,0.0,연면적_건축면적_0
G50K_R0050_C0082,0000197512374474947900000000,용산구,1117012600,용산동3가,서울특별시 용산구 용산동3가,4-1,0.0,0.0,1.0,0.0,1,0.0,연면적_건축면적_0
G50K_R0050_C0082,0000197512504474740500000000,용산구,1117012600,용산동3가,서울특별시 용산구 용산동3가,4-1,0.0,0.0,1.0,0.0,1,0.0,연면적_건축면적_0
G50K_R0050_C0082,0000197528434473636800000000,용산구,1117012600,용산동3가,서울특별시 용산구 용산동3가,4-1,0.0,0.0,1.0,0.0,1,0.0,연면적_건축면적_0
G50K_R0050_C0082,0000197532184475236100000000,용산구,1117012600,용산동3가,서울특별시 용산구 용산동3가,4-1,0.0,0.0,1.0,0.0,1,0.0,연면적_건축면적_0
G50K_R0050_C0082,0000197535724474001500000000,용산구,1117012600,용산동3가,서울특별시 용산구 용산동3가,4-1,0.0,0.0,1.0,0.0,1,0.0,연면적_건축면적_0
G50K_R0050_C0082,0000197542854474191400000000,용산구,1117012600,용산동3가,서울특별시 용산구 용산동3가,4-1,0.0,0.0,1.0,0.0,1,0.0,연면적_건축면적_0
G50K_R0050_C0082,0000197547034473902900000000,용산구,1117012600,용산동3가,서울특별시 용산구 용산동3가,4-1,0.0,0.0,1.0,0.0,1,0.0,연면적_건축면적_0
G50K_R0050_C0082,0000197549484475243300000000,용산구,1117012600,용산동3가,서울특별시 용산구 용산동3가,4-1,0.0,0.0,1.0,0.0,1,0.0,연면적_건축면적_0
G50K_R0050_C0082,0000197552434474072000000000,용산구,1117012600,용산동3가,서울특별시 용산구 용산동3가,4-1,0.0,0.0,1.0,0.0,1,0.0,연면적_건축면적_0
G50K_R0050_C0082,0000197555944474178000000000,용산구,1117012600,용산동3가,서울특별시 용산구 용산동3가,4-1,0.0,0.0,1.0,0.0,1,0.0,연면적_건축면적_0
G50K_R0050_C0082,0000197558564474037100000000,용산구,1117012600,용산동3가,서울특별시 용산구 용산동3가,4-1,0.0,0.0,1.0,0.0,1,0.0,연면적_건축면적_0
G50K_R0050_C0082,0000197559964474271300000000,용산구,1117012600,용산동3가,서울특별시 용산구 용산동3가,4-1,0.0,0.0,1.0,0.0,1,0.0,연면적_건축면적_0
G50K_R0050_C0082,0000197560064475175700000000,용산구,1117012600,용산동3가,서울특별시 용산구 용산동3가,4-1,0.0,0.0,1.0,0.0,1,0.0,연면적_건축면적_0
G50K_R0050_C0082,0000197564354474717400000000,용산구,1117012600,용산동3가,서울특별시 용산구 용산동3가,4-1,0.0,0.0,1.0,0.0,1,0.0,연면적_건축면적_0
G50K_R0050_C0082,0000197567404473576000000000,용산구,1117012600,용산동3가,서울특별시 용산구 용산동3가,4-1,0.0,0.0,1.0,0.0,1,0.0,연면적_건축면적_0
G50K_R0050_C0082,0000197568474474559200000000,용산구,1117012600,용산동3가,서울특별시 용산구 용산동3가,4-1,0.0,0.0,1.0,0.0,1,0.0,연면적_건축면적_0
G50K_R0050_C0082,0000197569784474134100000000,용산구,1117012600,용산동3가,서울특별시 용산구 용산동3가,4-1,0.0,0.0,1.0,0.0,1,0.0,연면적_건축면적_0
G50K_R0050_C0082,0000197592814473953500000000,용산구,1117012600,용산동3가,서울특별시 용산구 용산동3가,4-1,0.0,0.0,1.0,0.0,1,0.0,연면적_건축면적_0
G50K_R0050_C0082,0000197594824473482000000000,용산구,1117012600,용산동3가,서울특별시 용산구 용산동3가,4-1,0.0,0.0,1.0,0.0,1,0.0,연면적_건축면적_0
G50K_R0050_C0082,0000197598014474227900000000,용산구,1117012600,용산동3가,서울특별시 용산구 용산동3가,4-1,0.0,0.0,1.0,0.0,1,0.0,연면적_건축면적_0
G50K_R0050_C0082,0000197406504474701000000000,용산구,1117012700,용산동5가,서울특별시 용산구 용산동5가,2-65,0.0,0.0,1.0,0.0,1,0.0,연면적_건축면적_0
G50K_R0050_C0082,0000197428284474749000000000,용산구,1117012700,용산동5가,서울특별시 용산구 용산동5가,2-65,0.0,0.0,1.0,0.0,1,0.0,연면적_건축면적_0
G50K_R0050_C0082,0000197448634474877600000000,용산구,1117012700,용산동5가,서울특별시 용산구 용산동5가,2-65,0.0,0.0,1.0,0.0,1,0.0,연면적_건축면적_0
G50K_R0050_C0082,0000197486274474210000000000,용산구,1117012700,용산동5가,서울특별시 용산구 용산동5가,2-65,0.0,0.0,1.0,0.0,1,0.0,연면적_건축면적_0
G50K_R0045_C0078,0000196561904464095600000000,용산구,1117012900,이촌동,서울특별시 용산구 이촌동,361,0.0,0.0,1.0,0.0,1,0.0,연면적_건축면적_0
G50K_R0045_C0078,0000196612674463836600000000,용산구,1117012900,이촌동,서울특별시 용산구 이촌동,373,0.0,0.0,1.0,0.0,1,0.0,연면적_건축면적_0
G50K_R0045_C0078,0000196631574463748500000000,용산구,1117012900,이촌동,서울특별시 용산구 이촌동,373,0.0,0.0,1.0,0.0,1,0.0,연면적_건축면적_0
G50K_R0051_C0078,0000196635614476734700000000,용산구,1117012800,한강로3가,서울특별시 용산구 한강로3가,40-1032,0.0,0.0,1.0,0.0,1,0.0,연면적_건축면적_0
G50K_R0057_C0084,0000197826884490211200000000,용산구,1117010600,용산동1가,서울특별시 용산구 용산동1가,1,0.0,0.0,1.0,0.0,1,0.0,연면적_건축면적_0
G50K_R0057_C0084,0000197828824489718000000000,용산구,1117010600,용산동1가,서울특별시 용산구 용산동1가,1,0.0,0.0,1.0,0.0,1,0.0,연면적_건축면적_0
G50K_R0057_C0084,0000197834104490206300000000,용산구,1117010600,용산동1가,서울특별시 용산구 용산동1가,1,0.0,0.0,1.0,0.0,1,0.0,연면적_건축면적_0
G50K_R0057_C0084,0000197837854488919300000000,용산구,1117010600,용산동1가,서울특별시 용산구 용산동1가,1,0.0,0.0,1.0,0.0,1,0.0,연면적_건축면적_0
G50K_R0057_C0084,0000197842164490234700000000,용산구,1117010600,용산동1가,서울특별시 용산구 용산동1가,1,0.0,0.0,1.0,0.0,1,0.0,연면적_건축면적_0
G50K_R0057_C0084,0000197851324490300000000000,용산구,1117010600,용산동1가,서울특별시 용산구 용산동1가,1,0.0,0.0,1.0,0.0,1,0.0,연면적_건축면적_0
G50K_R0057_C0084,0000197856954489903700000000,용산구,1117010600,용산동1가,서울특별시 용산구 용산동1가,1,0.0,0.0,1.0,0.0,1,0.0,연면적_건축면적_0
G50K_R0057_C0084,0000197857144490258000000000,용산구,1117010600,용산동1가,서울특별시 용산구 용산동1가,1,0.0,0.0,1.0,0.0,1,0.0,연면적_건축면적_0
G50K_R0057_C0084,0000197857344489820700000000,용산구,1117010600,용산동1가,서울특별시 용산구 용산동1가,1,0.0,0.0,1.0,0.0,1,0.0,연면적_건축면적_0
G50K_R0057_C0084,0000197858884489733100000000,용산구,1117010600,용산동1가,서울특별시 용산구 용산동1가,1,0.0,0.0,1.0,0.0,1,0.0,연면적_건축면적_0
G50K_R0057_C0084,0000197861294489578000000000,용산구,1117010600,용산동1가,서울특별시 용산구 용산동1가,1,0.0,0.0,1.0,0.0,1,0.0,연면적_건축면적_0
G50K_R0057_C0084,0000197867884489200000000000,용산구,1117010600,용산동1가,서울특별시 용산구 용산동1가,1,0.0,0.0,1.0,0.0,1,0.0,연면적_건축면적_0
G50K_R0057_C0084,0000197873004490286200000000,용산구,1117010600,용산동1가,서울특별시 용산구 용산동1가,1,0.0,0.0,1.0,0.0,1,0.0,연면적_건축면적_0
G50K_R0057_C0084,0000197881264490211600000000,용산구,1117010600,용산동1가,서울특별시 용산구 용산동1가,1,0.0,0.0,1.0,0.0,1,0.0,연면적_건축면적_0
G50K_R0057_C0084,0000197887704490279400000000,용산구,1117010600,용산동1가,서울특별시 용산구 용산동1가,1,0.0,0.0,1.0,0.0,1,0.0,연면적_건축면적_0
G50K_R0057_C0084,0000197901654490349200000000,용산구,1117010600,용산동1가,서울특별시 용산구 용산동1가,1,0.0,0.0,1.0,0.0,1,0.0,연면적_건축면적_0
G50K_R0057_C0084,0000197903064490173800000000,용산구,1117010600,용산동1가,서울특별시 용산구 용산동1가,1,0.0,0.0,1.0,0.0,1,0.0,연면적_건축면적_0
G50K_R0057_C0084,0000197903764488742500000000,용산구,1117010600,용산동1가,서울특별시 용산구 용산동1가,1,0.0,0.0,1.0,0.0,1,0.0,연면적_건축면적_0
G50K_R0057_C0084,0000197906474488903500000000,용산구,1117010600,용산동1가,서울특별시 용산구 용산동1가,1,0.0,0.0,1.0,0.0,1,0.0,연면적_건축면적_0
G50K_R0057_C0084,0000197918154489365700000000,용산구,1117010600,용산동1가,서울특별시 용산구 용산동1가,1,0.0,0.0,1.0,0.0,1,0.0,연면적_건축면적_0
G50K_R0057_C0084,0000197918594489489600000000,용산구,1117010600,용산동1가,서울특별시 용산구 용산동1가,1,0.0,0.0,1.0,0.0,1,0.0,연면적_건축면적_0
G50K_R0057_C0084,0000197922154489581000000000,용산구,1117010600,용산동1가,서울특별시 용산구 용산동1가,1,0.0,0.0,1.0,0.0,1,0.0,연면적_건축면적_0
G50K_R0057_C0084,0000197929584489517600000000,용산구,1117010600,용산동1가,서울특별시 용산구 용산동1가,1,0.0,0.0,1.0,0.0,1,0.0,연면적_건축면적_0
G50K_R0057_C0084,0000197932334489365000000000,용산구,1117010600,용산동1가,서울특별시 용산구 용산동1가,1,0.0,0.0,1.0,0.0,1,0.0,연면적_건축면적_0
G50K_R0057_C0084,0000197932974488798200000000,용산구,1117010600,용산동1가,서울특별시 용산구 용산동1가,1,0.0,0.0,1.0,0.0,1,0.0,연면적_건축면적_0
G50K_R0057_C0084,0000197941084490428100000000,용산구,1117010600,용산동1가,서울특별시 용산구 용산동1가,1,0.0,0.0,1.0,0.0,1,0.0,연면적_건축면적_0
G50K_R0057_C0084,0000197946644489973300000000,용산구,1117010600,용산동1가,서울특별시 용산구 용산동1가,1,0.0,0.0,1.0,0.0,1,0.0,연면적_건축면적_0
G50K_R0057_C0084,0000197951144489738200000000,용산구,1117010600,용산동1가,서울특별시 용산구 용산동1가,1,0.0,0.0,1.0,0.0,1,0.0,연면적_건축면적_0
G50K_R0057_C0084,0000197952824489651700000000,용산구,1117010600,용산동1가,서울특별시 용산구 용산동1가,1,0.0,0.0,1.0,0.0,1,0.0,연면적_건축면적_0
G50K_R0057_C0084,0000197954214489565200000000,용산구,1117010600,용산동1가,서울특별시 용산구 용산동1가,1,0.0,0.0,1.0,0.0,1,0.0,연면적_건축면적_0
G50K_R0057_C0084,0000197955734489476500000000,용산구,1117010600,용산동1가,서울특별시 용산구 용산동1가,1,0.0,0.0,1.0,0.0,1,0.0,연면적_건축면적_0
G50K_R0057_C0084,0000197957254489386600000000,용산구,1117010600,용산동1가,서울특별시 용산구 용산동1가,1,0.0,0.0,1.0,0.0,1,0.0,연면적_건축면적_0
G50K_R0057_C0084,0000197959344489250100000000,용산구,1117010600,용산동1가,서울특별시 용산구 용산동1가,1,0.0,0.0,1.0,0.0,1,0.0,연면적_건축면적_0
G50K_R0057_C0084,0000197961114489164800000000,용산구,1117010600,용산동1가,서울특별시 용산구 용산동1가,1,0.0,0.0,1.0,0.0,1,0.0,연면적_건축면적_0
G50K_R0057_C0084,0000197973394490105200000000,용산구,1117010600,용산동1가,서울특별시 용산구 용산동1가,1,0.0,0.0,1.0,0.0,1,0.0,연면적_건축면적_0
G50K_R0057_C0084,0000197974964490021700000000,용산구,1117010600,용산동1가,서울특별시 용산구 용산동1가,1,0.0,0.0,1.0,0.0,1,0.0,연면적_건축면적_0
G50K_R0057_C0084,0000197975164488815700000000,용산구,1117010600,용산동1가,서울특별시 용산구 용산동1가,1,0.0,0.0,1.0,0.0,1,0.0,연면적_건축면적_0
G50K_R0057_C0084,0000197976284489937300000000,용산구,1117010600,용산동1가,서울특별시 용산구 용산동1가,1,0.0,0.0,1.0,0.0,1,0.0,연면적_건축면적_0
G50K_R0057_C0084,0000197977764489848300000000,용산구,1117010600,용산동1가,서울특별시 용산구 용산동1가,1,0.0,0.0,1.0,0.0,1,0.0,연면적_건축면적_0
G50K_R0057_C0084,0000197979364489758100000000,용산구,1117010600,용산동1가,서울특별시 용산구 용산동1가,1,0.0,0.0,1.0,0.0,1,0.0,연면적_건축면적_0
G50K_R0057_C0084,0000197980794489670100000000,용산구,1117010600,용산동1가,서울특별시 용산구 용산동1가,1,0.0,0.0,1.0,0.0,1,0.0,연면적_건축면적_0
G50K_R0057_C0084,0000197982144489586600000000,용산구,1117010600,용산동1가,서울특별시 용산구 용산동1가,1,0.0,0.0,1.0,0.0,1,0.0,연면적_건축면적_0
G50K_R0057_C0084,0000197983654489496400000000,용산구,1117010600,용산동1가,서울특별시 용산구 용산동1가,1,0.0,0.0,1.0,0.0,1,0.0,연면적_건축면적_0
G50K_R0057_C0084,0000197984904489405600000000,용산구,1117010600,용산동1가,서울특별시 용산구 용산동1가,1,0.0,0.0,1.0,0.0,1,0.0,연면적_건축면적_0
G50K_R0057_C0084,0000197985834489019800000000,용산구,1117010600,용산동1가,서울특별시 용산구 용산동1가,1,0.0,0.0,1.0,0.0,1,0.0,연면적_건축면적_0
G50K_R0057_C0084,0000197986374489323000000000,용산구,1117010600,용산동1가,서울특별시 용산구 용산동1가,1,0.0,0.0,1.0,0.0,1,0.0,연면적_건축면적_0
G50K_R0057_C0084,0000197987774489233400000000,용산구,1117010600,용산동1가,서울특별시 용산구 용산동1가,1,0.0,0.0,1.0,0.0,1,0.0,연면적_건축면적_0
G50K_R0057_C0084,0000197989224489145600000000,용산구,1117010600,용산동1가,서울특별시 용산구 용산동1가,1,0.0,0.0,1.0,0.0,1,0.0,연면적_건축면적_0
G50K_R0057_C0084,0000197999974490856000000000,용산구,1117010600,용산동1가,서울특별시 용산구 용산동1가,1,0.0,0.0,1.0,0.0,1,0.0,연면적_건축면적_0
G50K_R0057_C0084,0000198003884489636100000000,용산구,1117010600,용산동1가,서울특별시 용산구 용산동1가,1,0.0,0.0,1.0,0.0,1,0.0,연면적_건축면적_0
G50K_R0057_C0084,0000198010054490887200000000,용산구,1117010600,용산동1가,서울특별시 용산구 용산동1가,1,0.0,0.0,1.0,0.0,1,0.0,연면적_건축면적_0
G50K_R0057_C0084,0000198015364490508900000000,용산구,1117010600,용산동1가,서울특별시 용산구 용산동1가,1,0.0,0.0,1.0,0.0,1,0.0,연면적_건축면적_0
G50K_R0057_C0084,0000198016094490800900000000,용산구,1117010600,용산동1가,서울특별시 용산구 용산동1가,1,0.0,0.0,1.0,0.0,1,0.0,연면적_건축면적_0
G50K_R0057_C0084,0000198017304488966700000000,용산구,1117010600,용산동1가,서울특별시 용산구 용산동1가,1,0.0,0.0,1.0,0.0,1,0.0,연면적_건축면적_0
G50K_R0057_C0084,0000198019564490721800000000,용산구,1117010600,용산동1가,서울특별시 용산구 용산동1가,1,0.0,0.0,1.0,0.0,1,0.0,연면적_건축면적_0
G50K_R0057_C0084,0000198030924488988200000000,용산구,1117010600,용산동1가,서울특별시 용산구 용산동1가,1,0.0,0.0,1.0,0.0,1,0.0,연면적_건축면적_0
G50K_R0057_C0084,0000198033724488756100000000,용산구,1117010600,용산동1가,서울특별시 용산구 용산동1가,1,0.0,0.0,1.0,0.0,1,0.0,연면적_건축면적_0
G50K_R0057_C0084,0000198034324490502500000000,용산구,1117010600,용산동1가,서울특별시 용산구 용산동1가,1,0.0,0.0,1.0,0.0,1,0.0,연면적_건축면적_0
G50K_R0057_C0084,0000198043044490526900000000,용산구,1117010600,용산동1가,서울특별시 용산구 용산동1가,1,0.0,0.0,1.0,0.0,1,0.0,연면적_건축면적_0
G50K_R0057_C0084,0000198044454490767000000000,용산구,1117010600,용산동1가,서울특별시 용산구 용산동1가,1,0.0,0.0,1.0,0.0,1,0.0,연면적_건축면적_0
G50K_R0057_C0084,0000197838584490943300000000,용산구,1117010600,용산동1가,서울특별시 용산구 용산동1가,1-5,0.0,0.0,1.0,0.0,1,0.0,연면적_건축면적_0
G50K_R0057_C0084,0000197842514490679800000000,용산구,1117010600,용산동1가,서울특별시 용산구 용산동1가,1-5,0.0,0.0,1.0,0.0,1,0.0,연면적_건축면적_0
G50K_R0057_C0084,0000197865344490395800000000,용산구,1117010600,용산동1가,서울특별시 용산구 용산동1가,1-5,0.0,0.0,1.0,0.0,1,0.0,연면적_건축면적_0
G50K_R0057_C0084,0000197894494490858700000000,용산구,1117010600,용산동1가,서울특별시 용산구 용산동1가,1-5,0.0,0.0,1.0,0.0,1,0.0,연면적_건축면적_0
G50K_R0057_C0084,0000197906764490907600000000,용산구,1117010600,용산동1가,서울특별시 용산구 용산동1가,1-5,0.0,0.0,1.0,0.0,1,0.0,연면적_건축면적_0
G50K_R0057_C0084,0000197922244490764900000000,용산구,1117010600,용산동1가,서울특별시 용산구 용산동1가,1-5,0.0,0.0,1.0,0.0,1,0.0,연면적_건축면적_0
